,manufacturer,model
7819A,BOEING,737-7Q8
7820L,BOEING,737-79P
N102AA,AVIAT AIRCRAFT INC,A-1B
N102UW,AIRBUS INDUSTRIE,A320-214
N103AA,AVIAT AIRCRAFT INC,A-1B
N103SY,EMBRAER S A,ERJ 170-200 LR
N103US,AIRBUS INDUSTRIE,A320-214
N104UW,AIRBUS INDUSTRIE,A320-214
N10575,EMBRAER,EMB-145LR
N105AA,CESSNA,R182
N105SY,EMBRAER S A,ERJ 170-200 LR
N105UW,AIRBUS INDUSTRIE,A320-214
N106SY,EMBRAER S A,ERJ 170-200 LR
N107SY,EMBRAER S A,ERJ 170-200 LR
N107US,AIRBUS INDUSTRIE,A320-214
N108AA,COURTNEY GERALD L,ANTARES MA 32
N108SY,EMBRAER S A,ERJ 170-200 LR
N108UW,AIRBUS INDUSTRIE,A320-214
N109AA,AVIAT AIRCRAFT INC,A-1B
N109SY,EMBRAER S A,ERJ 170-200 LR
N109UW,AIRBUS INDUSTRIE,A320-214
N110AA,BIGELOW MICHAEL A,MARK III XTRA
N110SY,EMBRAER S A,ERJ 170-200 LR
N110UW,AIRBUS INDUSTRIE,A320-214
N11107,EMBRAER,EMB-145XR
N11109,EMBRAER,EMB-145XR
N11127,EMBRAER,EMB-145XR
N11140,EMBRAER,EMB-145XR
N11150,EMBRAER,EMB-145XR
N11164,EMBRAER,EMB-145XR
N11165,EMBRAER,EMB-145XR
N11176,EMBRAER,EMB-145XR
N11181,EMBRAER,EMB-145XR
N11184,EMBRAER,EMB-145XR
N11187,EMBRAER,EMB-145XR
N11189,EMBRAER,EMB-145XR
N11191,EMBRAER,EMB-145XR
N11192,EMBRAER,EMB-145XR
N11193,EMBRAER,EMB-145XR
N11194,EMBRAER,EMB-145XR
N11199,EMBRAER,EMB-145XR
N111AA,BEECH,F90
N111US,AIRBUS INDUSTRIE,A320-214
N11206,BOEING,737-824
N112AA,AERO COMMANDER,500-B
N112US,AIRBUS INDUSTRIE,A320-214
N113SY,EMBRAER S A,ERJ 170-200 LR
N114AA,BEECH,A60
N114SY,EMBRAER,ERJ 170-200 LR
N114UW,AIRBUS INDUSTRIE,A320-214
N11535,EMBRAER,EMB-145LR
N11536,EMBRAER,EMB-145LR
N11539,EMBRAER,EMB-145LR
N11544,EMBRAER,EMB-145LR
N11547,EMBRAER,EMB-145LR
N11548,EMBRAER,EMB-145LR
N11551,EMBRAER,EMB-145LR
N11565,EMBRAER,EMB-145LR
N116SY,EMBRAER,ERJ 170-200 LR
N117AA,CANADAIR LTD,CL-600-2B16
N117SY,EMBRAER S A,ERJ 170-200 LR
N117UW,AIRBUS INDUSTRIE,A320-214
N118AA,NORTH AMERICAN,NAVION
N118SY,EMBRAER S A,ERJ 170-200 LR
N118US,AIRBUS INDUSTRIE,A320-214
N119SY,EMBRAER S A,ERJ 170-200 LR
N119US,AIRBUS INDUSTRIE,A320-214
N120SY,EMBRAER S A,ERJ 170-200 LR
N12135,EMBRAER,EMB-145XR
N12136,EMBRAER,EMB-145XR
N12142,EMBRAER,EMB-145XR
N12157,EMBRAER,EMB-145XR
N12160,EMBRAER,EMB-145XR
N12163,EMBRAER,EMB-145XR
N12166,EMBRAER,EMB-145XR
N12167,EMBRAER,EMB-145XR
N12172,EMBRAER,EMB-145XR
N12175,EMBRAER,EMB-145XR
N12195,EMBRAER,EMB-145XR
N121SY,EMBRAER S A,ERJ 170-200 LR
N121UW,AIRBUS INDUSTRIE,A320-214
N12201,EMBRAER,EMB-145XR
N12216,BOEING,737-824
N12218,BOEING,737-824
N12221,BOEING,737-824
N12225,BOEING,737-824
N12238,BOEING,737-824
N122AA,ROBINSON HELICOPTER COMPANY,R44 II
N122SY,EMBRAER S A,ERJ 170-200 LR
N122US,AIRBUS INDUSTRIE,A320-214
N123AA,HURT GEORGE,CHALLENGER I SPECIAL
N123UW,AIRBUS INDUSTRIE,A320-214
N124AA,AIRBUS,A321-231
N124SY,EMBRAER S A,ERJ 170-200 LR
N124US,AIRBUS INDUSTRIE,A320-214
N12540,EMBRAER,EMB-145LR
N12552,EMBRAER,EMB-145LR
N12563,EMBRAER,EMB-145LR
N12564,EMBRAER,EMB-145LR
N12567,EMBRAER,EMB-145LR
N12569,EMBRAER,EMB-145LR
N125AA,AIRBUS,A321-231
N125SY,EMBRAER S A,ERJ 170-200 LR
N125UW,AIRBUS,A320-214
N126UW,AIRBUS,A320-214
N12754,BOEING,737-700
N127AA,AIRBUS,A321-231
N127SY,EMBRAER S A,ERJ 170-200 LR
N127UW,AIRBUS,A320-214
N128AA,CESSNA,U206F
N128SY,EMBRAER S A,ERJ 170-200 LR
N128UW,AIRBUS,A320-214
N12900,EMBRAER,EMB-145LR
N12922,EMBRAER,EMB-145LR
N12996,EMBRAER,EMB-145LR
N130SY,EMBRAER S A,ERJ 170-200 LR
N13118,EMBRAER,EMB-145XR
N13161,EMBRAER,EMB-145XR
N131EV,BOMBARDIER INC,CL-600-2D24
N131SY,EMBRAER S A,ERJ 170-200 LR
N13202,EMBRAER,EMB-145XR
N13227,BOEING,737-824
N13248,BOEING,737-824
N132EV,BOMBARDIER INC,CL-600-2D24
N132SY,EMBRAER S A,ERJ 170-200 LR
N133EV,BOMBARDIER INC,CL-600-2D24
N133SY,EMBRAER S A,ERJ 170-200 LR
N134EV,BOMBARDIER INC,CL-600-2D24
N134SY,EMBRAER S A,ERJ 170-200 LR
N13538,EMBRAER,EMB-145LR
N13550,EMBRAER,EMB-145LR
N13553,EMBRAER,EMB-145LR
N13566,EMBRAER,EMB-145LR
N135EV,BOMBARDIER INC,CL-600-2D24
N135SY,EMBRAER S A,ERJ 170-200 LR
N136SY,EMBRAER S A,ERJ 170-200 LR
N13716,BOEING,737-724
N13718,BOEING,737-724
N13720,BOEING,737-724
N13750,BOEING,737-724
N137EV,BOMBARDIER INC,CL-600-2D24
N138EV,BOMBARDIER INC,CL-600-2D24
N138SY,EMBRAER S A,ERJ 170-200 LR
N13903,EMBRAER,EMB-145LR
N13908,EMBRAER,EMB-145LR
N13913,EMBRAER,EMB-145LR
N13914,EMBRAER,EMB-145LR
N13975,EMBRAER,EMB-145LR
N13978,EMBRAER,EMB-145LR
N13979,EMBRAER,EMB-145LR
N13988,EMBRAER,EMB-145LR
N13989,EMBRAER,EMB-145LR
N13992,EMBRAER,EMB-145LR
N13994,EMBRAER,EMB-145LR
N13995,EMBRAER,EMB-145LR
N13997,EMBRAER,EMB-145LR
N139SY,EMBRAER S A,ERJ 170-200 LR
N140SY,EMBRAER S A,ERJ 170-200 LR
N14105,EMBRAER,EMB-145XR
N14120,BOEING,757-224
N14143,EMBRAER,EMB-145XR
N14148,EMBRAER,EMB-145XR
N14158,EMBRAER,EMB-145XR
N14162,EMBRAER,EMB-145XR
N14168,EMBRAER,EMB-145XR
N14171,EMBRAER,EMB-145XR
N14173,EMBRAER,EMB-145XR
N14174,EMBRAER,EMB-145XR
N14177,EMBRAER,EMB-145XR
N14179,EMBRAER,EMB-145XR
N14180,EMBRAER,EMB-145XR
N14188,EMBRAER,EMB-145XR
N14198,EMBRAER,EMB-145XR
N141SY,EMBRAER S A,ERJ 170-200 LR
N14203,EMBRAER,EMB-145XR
N14204,EMBRAER,EMB-145XR
N14214,BOEING,737-824
N14219,BOEING,737-824
N14228,BOEING,737-824
N14230,BOEING,737-824
N14231,BOEING,737-824
N14235,BOEING,737-824
N14237,BOEING,737-824
N14240,BOEING,737-824
N14242,BOEING,737-824
N14249,BOEING,737-824
N14250,BOEING,737-824
N142SY,EMBRAER S A,ERJ 170-200 LR
N143SY,EMBRAER S A,ERJ 170-200 LR
N144SY,EMBRAER S A,ERJ 170-200 LR
N14542,EMBRAER,EMB-145LR
N14543,EMBRAER,EMB-145LR
N14558,EMBRAER,EMB-145LR
N14562,EMBRAER,EMB-145LR
N14568,EMBRAER,EMB-145LR
N14570,EMBRAER,EMB-145LR
N14573,EMBRAER,EMB-145LR
N145SY,EMBRAER S A,ERJ 170-200 LR
N146PQ,BOMBARDIER INC,CL-600-2D24
N146SY,EMBRAER S A,ERJ 170-200 LR
N14704,BOEING,737-724
N14731,BOEING,737-724
N14735,BOEING,737-724
N147PQ,BOMBARDIER INC,CL-600-2D24
N148SY,EMBRAER S A,ERJ 170-200 LR
N14902,EMBRAER,EMB-145LR
N14904,EMBRAER,EMB-145LR
N14905,EMBRAER,EMB-145LR
N14907,EMBRAER,EMB-145LR
N14916,EMBRAER,EMB-145LR
N14920,EMBRAER,EMB-145LR
N14923,EMBRAER,EMB-145LR
N14977,EMBRAER,EMB-145LR
N14991,EMBRAER,EMB-145LR
N14993,EMBRAER,EMB-145LR
N14998,EMBRAER,EMB-145LR
N149SY,EMBRAER S A,ERJ 170-200 LR
N150AA,GRUMMAN AMERICAN AVN. CORP,AA-1A
N150SY,EMBRAER S A,ERJ 170-200 LR
N150UW,AIRBUS,A321-211
N151AA,TAGUE LARRY,PIONEER 200
N151SY,EMBRAER S A,ERJ 170-200 LR
N151UW,AIRBUS,A321-211
N152AA,AIRBUS,A321-231
N152SY,EMBRAER S A,ERJ 170-200 LR
N152UW,AIRBUS,A321-211
N153AA,AVIAT AIRCRAFT INC,A-1B
N153PQ,BOMBARDIER INC,CL-600-2D24
N153SY,EMBRAER S A,ERJ 170-200 LR
N153UW,AIRBUS,A321-211
N154AA,AIRBUS,A321-231
N154SY,EMBRAER S A,ERJ 170-200 LR
N154UW,AIRBUS,A321-211
N15555,EMBRAER,EMB-145LR
N15572,EMBRAER,EMB-145LR
N15574,EMBRAER,EMB-145LR
N155UW,AIRBUS,A321-211
N156AA,AVIAT AIRCRAFT INC,A-1B
N156SY,EMBRAER,ERJ 170-200 LR
N156UW,AIRBUS,A321-211
N15710,BOEING,737-724
N15751,BOEING,737-71Q
N157AA,AIRBUS,A321-231
N157SY,EMBRAER S A,ERJ 170-200 LR
N157UW,AIRBUS,A321-211
N15910,EMBRAER,EMB-145LR
N15912,EMBRAER,EMB-145LR
N15980,EMBRAER,EMB-145LR
N15983,EMBRAER,EMB-145LR
N15985,EMBRAER,EMB-145LR
N15986,EMBRAER,EMB-145LR
N160SY,EMBRAER,ERJ 170-200 LR
N16149,EMBRAER,EMB-145XR
N16170,EMBRAER,EMB-145XR
N16178,EMBRAER,EMB-145XR
N16183,EMBRAER,EMB-145XR
N161AA,AIRBUS,A321-231
N161SY,EMBRAER,ERJ 170-200 LR
N161UW,AIRBUS INDUSTRIE,A321-211
N16217,BOEING,737-824
N16234,BOEING,737-824
N162AA,AIRBUS,A321-231
N162SY,EMBRAER S A,ERJ 170-200 LR
N162UW,AIRBUS INDUSTRIE,A321-211
N163AA,AIRBUS,A321-231
N163SY,EMBRAER S A,ERJ 170-200 LR
N163US,AIRBUS INDUSTRIE,A321-211
N164SY,EMBRAER,ERJ 170-200 LR
N16541,EMBRAER,EMB-145LR
N16546,EMBRAER,EMB-145LR
N16559,EMBRAER,EMB-145LR
N16561,EMBRAER,EMB-145LR
N16571,EMBRAER,EMB-145LR
N165AA,GATES LEAR JET,25B
N165SY,EMBRAER S A,ERJ 170-200 LR
N165US,AIRBUS INDUSTRIE,A321-211
N166PQ,BOMBARDIER INC,CL-600-2D24
N166SY,EMBRAER S A,ERJ 170-200 LR
N16701,BOEING,737-724
N16703,BOEING,737-724
N16709,BOEING,737-724
N16713,BOEING,737-724
N16732,BOEING,737-724
N167AA,GULFSTREAM AEROSPACE,G-IV
N167SY,EMBRAER S A,ERJ 170-200 LR
N167US,AIRBUS INDUSTRIE,A321-211
N168SY,EMBRAER S A,ERJ 170-200 LR
N16911,EMBRAER,EMB-145LR
N16918,EMBRAER,EMB-145LR
N16919,EMBRAER,EMB-145LR
N16976,EMBRAER,EMB-145LR
N16981,EMBRAER,EMB-145LR
N16987,EMBRAER,EMB-145LR
N16999,EMBRAER,EMB-145LR
N169UW,AIRBUS INDUSTRIE,A321-211
N170US,AIRBUS INDUSTRIE,A321-211
N17108,EMBRAER,EMB-145XR
N17115,EMBRAER,EMB-145XR
N17138,EMBRAER,EMB-145XR
N17146,EMBRAER,EMB-145XR
N17159,EMBRAER,EMB-145XR
N17169,EMBRAER,EMB-145XR
N17185,EMBRAER,EMB-145XR
N17196,EMBRAER,EMB-145XR
N171AA,CESSNA,510
N171SY,EMBRAER S A,ERJ 170-200 LR
N171US,AIRBUS INDUSTRIE,A321-211
N17229,BOEING,737-824
N17233,BOEING,737-824
N17244,BOEING,737-824
N17245,BOEING,737-824
N172AA,CESSNA,180
N172US,AIRBUS INDUSTRIE,A321-211
N173AA,CESSNA,550
N173SY,EMBRAER S A,ERJ 170-200 LR
N173US,AIRBUS INDUSTRIE,A321-211
N174AA,BOEING,757-223
N174SY,EMBRAER S A,ERJ 170-200 LR
N174US,AIRBUS INDUSTRIE,A321-211
N17560,EMBRAER,EMB-145LR
N175SY,EMBRAER S A,ERJ 170-200 LR
N176AA,BOEING,757-223
N176PQ,BOMBARDIER INC,CL-600-2D24
N176SY,EMBRAER S A,ERJ 170-200 LR
N176UW,AIRBUS INDUSTRIE,A321-211
N17719,BOEING,737-724
N17730,BOEING,737-724
N17752,BOEING,737-71Q
N17753,BOEING,737-7V3
N177SY,EMBRAER S A,ERJ 170-200 LR
N177US,AIRBUS INDUSTRIE,A321-211
N178AA,BOEING,757-223
N178JB,EMBRAER,ERJ 190-100 IGW
N178US,AIRBUS INDUSTRIE,A321-211
N17984,EMBRAER,EMB-145LR
N179AA,BOEING,757-223
N179JB,EMBRAER,ERJ 190-100 IGW
N179SY,EMBRAER S A,ERJ 170-200 LR
N179UW,AIRBUS INDUSTRIE,A321-211
N180AA,CESSNA,180J
N180US,AIRBUS INDUSTRIE,A321-211
N181AA,DJI,PHANTOM 3 PROFESSION
N181UW,AIRBUS INDUSTRIE,A321-211
N18220,BOEING,737-824
N18223,BOEING,737-824
N18243,BOEING,737-824
N182AA,BELL,206B
N182UW,AIRBUS INDUSTRIE,A321-211
N183AA,BEECH,95
N183JB,EMBRAER,ERJ 190-100 IGW
N183SY,EMBRAER S A,ERJ 170-200 LR
N183UW,AIRBUS INDUSTRIE,A321-211
N184JB,EMBRAER,ERJ 190-100 IGW
N184US,AIRBUS INDUSTRIE,A321-211
N18556,EMBRAER,EMB-145LR
N18557,EMBRAER,EMB-145LR
N185UW,AIRBUS INDUSTRIE,A321-211
N186AA,ANGER ANTHONY B,POBER PIXIE
N186PQ,BOMBARDIER INC,CL-600-2D24
N186US,AIRBUS,A321-211
N187AA,DASSAULT AVIATION,FALCON 2000
N187JB,EMBRAER,ERJ 190-100 IGW
N187US,AIRBUS,A321-211
N188AA,BEECH,35-C33
N188US,AIRBUS,A321-211
N189AA,BEECH,K35
N189UW,AIRBUS INDUSTRIE,A321-211
N190AA,BOEING,757-223
N190JB,EMBRAER,ERJ 190-100 IGW
N190UW,AIRBUS INDUSTRIE,A321-211
N191AA,BEECH,K35
N191UW,AIRBUS INDUSTRIE,A321-211
N192AA,BEECH,K35
N192JB,EMBRAER,ERJ 190-100 IGW
N192SY,EMBRAER S A,ERJ 170-200 LR
N192UW,AIRBUS INDUSTRIE,A321-211
N193AA,MITSUBISHI,MU-2B-60
N193JB,EMBRAER,ERJ 190-100 IGW
N193UW,AIRBUS,A321-211
N194AA,BOEING,757-223
N194UW,AIRBUS,A321-211
N19554,EMBRAER,EMB-145LR
N195AA,PIPER,PA-31T
N195PQ,BOMBARDIER INC,CL-600-2D24
N195UW,AIRBUS,A321-211
N196AA,BOEING,757-223
N196UW,AIRBUS,A321-211
N197AA,BELL,206B
N197JB,EMBRAER,ERJ 190-100 IGW
N197UW,AIRBUS,A321-211
N198AA,BOEING,757-223
N198JB,EMBRAER,ERJ 190-100 IGW
N198UW,AIRBUS,A321-211
N199AA,BEECH,K35
N199UW,AIRBUS,A321-211
N200SY,EMBRAER S A,ERJ 170-200 LR
N200WN,BOEING,737-7H4
N201FR,AIRBUS,A320-214
N201LV,BOEING,737-7H4
N202FR,AIRBUS,A320-214
N202SY,EMBRAER S A,ERJ 170-200 LR
N202WN,BOEING,737-7H4
N203FR,AIRBUS INDUSTRIE,A320-214
N203JB,EMBRAER,ERJ 190-100 IGW
N203SY,EMBRAER S A,ERJ 170-200 LR
N203WN,BOEING,737-7H4
N204SY,EMBRAER S A,ERJ 170-200 LR
N204WN,BOEING,737-7H4
N205FR,AIRBUS,A320-214
N205SY,EMBRAER S A,ERJ 170-200 LR
N205WN,BOEING,737-7H4
N206FR,AIRBUS,A320-214
N206JB,EMBRAER,ERJ 190-100 IGW
N206SY,EMBRAER S A,ERJ 170-200 LR
N206WN,BOEING,737-7H4
N207FR,AIRBUS,A320-214
N207SY,EMBRAER S A,ERJ 170-200 LR
N207WN,BOEING,737-7H4
N208SY,EMBRAER S A,ERJ 170-200 LR
N208WN,BOEING,737-7H4
N209SY,EMBRAER S A,ERJ 170-200 LR
N209WN,BOEING,737-7H4
N210FR,AIRBUS,A320-214
N210WN,BOEING,737-7H4
N21129,EMBRAER,EMB-145XR
N21154,EMBRAER,EMB-145XR
N21197,EMBRAER,EMB-145XR
N211FR,AIRBUS,A320-214
N211SY,EMBRAER S A,ERJ 170-200 LR
N211WN,BOEING,737-7H4
N212WN,BOEING,737-7H4
N213FR,AIRBUS,A320-214
N213SY,EMBRAER S A,ERJ 170-200 LR
N213WN,BOEING,737-7H4
N214WN,BOEING,737-7H4
N21537,EMBRAER,EMB-145LR
N215WN,BOEING,737-7H4
N216FR,AIRBUS,A320-214
N216JB,EMBRAER,ERJ 190-100 IGW
N216WR,BOEING,737-7H4
N217JC,BOEING,737-7H4
N218FR,AIRBUS INDUSTRIE,A320-214
N218WN,BOEING,737-7H4
N219FR,AIRBUS,A320-214
N219WN,BOEING,737-7H4
N220FR,AIRBUS,A320-214
N220WN,BOEING,737-7H4
N221FR,AIRBUS,A320-214
N221WN,BOEING,737-7H4
N222WN,BOEING,737-7H4
N223FR,AIRBUS,A320-214
N223WN,BOEING,737-7H4
N224WN,BOEING,737-7H4
N225WN,BOEING,737-7H4
N226WN,BOEING,737-7H4
N227FR,AIRBUS,A320-214
N227WN,BOEING,737-7H4
N228FR,AIRBUS,A320-214
N228JB,EMBRAER,ERJ 190-100 IGW
N228PQ,BOMBARDIER INC,CL-600-2D24
N228WN,BOEING,737-7H4
N22909,EMBRAER,EMB-145LR
N229FR,AIRBUS,A320-214
N229JB,EMBRAER,ERJ 190-100 IGW
N229WN,BOEING,737-7H4
N230FR,AIRBUS,A320-214
N230WN,BOEING,737-7H4
N23139,EMBRAER,EMB-145XR
N231JB,EMBRAER,ERJ 190-100 IGW
N231WN,BOEING,737-7H4
N232FR,AIRBUS,A320-214
N232PQ,BOMBARDIER INC,CL-600-2D24
N232WN,BOEING,737-7H4
N233FR,AIRBUS,A320-214
N233LV,BOEING,737-7H4
N234WN,BOEING,737-7H4
N235FR,AIRBUS,A320-214
N235WN,BOEING,737-7H4
N236FR,AIRBUS,A320-214
N236JB,EMBRAER,ERJ 190-100 IGW
N236WN,BOEING,737-7H4
N23707,BOEING,737-724
N23708,BOEING,737-724
N23721,BOEING,737-724
N237WN,BOEING,737-7H4
N238FR,AIRBUS,A320-214
N238JB,EMBRAER,ERJ 190-100 IGW
N238WN,BOEING,737-7H4
N239JB,EMBRAER,ERJ 190-100 IGW
N239WN,BOEING,737-7H4
N240WN,BOEING,737-7H4
N24103,EMBRAER,EMB-145XR
N241WN,BOEING,737-7H4
N24202,BOEING,737-824
N24211,BOEING,737-824
N24212,BOEING,737-824
N24224,BOEING,737-824
N242WN,BOEING,737-7H4
N243WN,BOEING,737-7H4
N244WN,BOEING,737-7H4
N245WN,BOEING,737-7H4
N246LV,BOEING,737-7H4
N24702,BOEING,737-724
N24706,BOEING,737-724
N24715,BOEING,737-724
N24729,BOEING,737-724
N24736,BOEING,737-724
N247JB,EMBRAER,ERJ 190-100 IGW
N247WN,BOEING,737-7H4
N248WN,BOEING,737-7H4
N249JB,EMBRAER,ERJ 190-100 IGW
N249WN,BOEING,737-7H4
N250WN,BOEING,737-7H4
N25134,EMBRAER,EMB-145XR
N251WN,BOEING,737-7H4
N25201,BOEING,737-824
N252WN,BOEING,737-7H4
N253WN,BOEING,737-7H4
N254WN,BOEING,737-7H4
N255WN,BOEING,737-7H4
N256WN,BOEING,737-7H4
N25705,BOEING,737-724
N257WN,BOEING,737-7H4
N258JB,EMBRAER,ERJ 190-100 IGW
N258WN,BOEING,737-7H4
N259WN,BOEING,737-7H4
N260WN,BOEING,737-7H4
N261WN,BOEING,737-7H4
N26208,BOEING,737-824
N26210,BOEING,737-824
N26215,BOEING,737-824
N26226,BOEING,737-824
N26232,BOEING,737-824
N262WN,BOEING,737-7H4
N263WN,BOEING,737-7H4
N264LV,BOEING,737-7H4
N26545,EMBRAER,EMB-145LR
N26549,EMBRAER,EMB-145LR
N265JB,EMBRAER,ERJ 190-100 IGW
N265WN,BOEING,737-7H4
N266JB,EMBRAER,ERJ 190-100 IGW
N266WN,BOEING,737-7H4
N267JB,EMBRAER,ERJ 190-100 IGW
N267WN,BOEING,737-7H4
N268WN,BOEING,737-7H4
N269WN,BOEING,737-7H4
N270WN,BOEING,737-705
N27152,EMBRAER,EMB-145XR
N27190,EMBRAER,EMB-145XR
N271LV,BOEING,737-705
N27200,EMBRAER,EMB-145XR
N27205,BOEING,737-824
N27213,BOEING,737-824
N27239,BOEING,737-824
N27246,BOEING,737-824
N272WN,BOEING,737-7H4
N273JB,EMBRAER,ERJ 190-100 IGW
N273WN,BOEING,737-7H4
N27421,BOEING,737-924ER
N27477,BOEING,737-924ER
N274JB,EMBRAER,ERJ 190-100 IGW
N274WN,BOEING,737-7H4
N275WN,BOEING,737-7H4
N276WN,BOEING,737-7H4
N27722,BOEING,737-724
N27724,BOEING,737-724
N27733,BOEING,737-724
N27734,BOEING,737-724
N277WN,BOEING,737-7H4
N278WN,BOEING,737-7H4
N279JB,EMBRAER,ERJ 190-100 IGW
N279WN,BOEING,737-7H4
N280WN,BOEING,737-7H4
N281JB,EMBRAER,ERJ 190-100 IGW
N281WN,BOEING,737-7H4
N282WN,BOEING,737-7H4
N283JB,EMBRAER,ERJ 190-100 IGW
N283WN,BOEING,737-7H4
N28457,BOEING,737-924ER
N28478,BOEING,737-924ER
N284JB,EMBRAER,ERJ 190-100 IGW
N284WN,BOEING,737-7H4
N285WN,BOEING,737-7H4
N286WN,BOEING,737-7H4
N287WN,BOEING,737-7H4
N288WN,BOEING,737-7H4
N289CT,BOEING,737-7H4
N290WN,BOEING,737-7H4
N291WN,BOEING,737-7H4
N292JB,EMBRAER,ERJ 190-100 IGW
N292WN,BOEING,737-7H4
N293WN,BOEING,737-7H4
N294JB,EMBRAER,ERJ 190-100 IGW
N294WN,BOEING,737-7H4
N295WN,BOEING,737-7H4
N296JB,EMBRAER,ERJ 190-100 IGW
N296WN,BOEING,737-7H4
N29717,BOEING,737-724
N297WN,BOEING,737-7H4
N298JB,EMBRAER,ERJ 190-100 IGW
N298WN,BOEING,737-7H4
N29906,EMBRAER,EMB-145LR
N29917,EMBRAER,EMB-145LR
N299WN,BOEING,737-7H4
N301DQ,BOEING,737-732
N301FR,AIRBUS,A320-251N
N301NB,AIRBUS INDUSTRIE,A319-114
N302DN,AIRBUS,A321-211
N302NB,AIRBUS INDUSTRIE,A319-114
N303DN,AIRBUS,A321-211
N303FR,AIRBUS,A320-251N
N304DN,AIRBUS,A321-211
N304FR,AIRBUS,A320-251N
N304JB,EMBRAER,ERJ 190-100 IGW
N305DN,AIRBUS,A321-211
N305FR,AIRBUS,A320-251N
N306DN,AIRBUS,A321-211
N306JB,EMBRAER,ERJ 190-100 IGW
N307DQ,BOEING,737-732
N307DX,AIRBUS,A321-211
N307FR,AIRBUS,A320-251N
N307JB,EMBRAER,ERJ 190-100 IGW
N308DN,AIRBUS,A321-211
N308FR,AIRBUS,A320-251N
N309DE,BOEING,737-732
N309DN,AIRBUS,A321-211
N309FR,AIRBUS,A320-251N
N309JB,EMBRAER,ERJ 190-100 IGW
N309US,AIRBUS INDUSTRIE,A320-211
N310DN,AIRBUS,A321-211
N310FR,AIRBUS,A320-251N
N310NW,AIRBUS INDUSTRIE,A320-211
N31131,EMBRAER,EMB-145XR
N311DN,AIRBUS,A321-211
N311FR,AIRBUS,A320-251N
N311US,AIRBUS INDUSTRIE,A320-211
N312DN,AIRBUS,A321-211
N312US,AIRBUS INDUSTRIE,A320-211
N313DN,AIRBUS,A321-211
N313US,AIRBUS INDUSTRIE,A320-211
N314DN,AIRBUS,A321-211
N314NB,AIRBUS INDUSTRIE,A319-114
N314US,AIRBUS INDUSTRIE,A320-211
N315DN,AIRBUS,A321-211
N315NB,AIRBUS INDUSTRIE,A319-114
N315US,AIRBUS INDUSTRIE,A320-211
N316DN,AIRBUS,A321-211
N316JB,EMBRAER,ERJ 190-100 IGW
N316NB,AIRBUS INDUSTRIE,A319-114
N316US,AIRBUS INDUSTRIE,A320-211
N317DN,AIRBUS,A321-211
N317JB,EMBRAER,ERJ 190-100 IGW
N317NB,AIRBUS INDUSTRIE,A319-114
N317US,AIRBUS INDUSTRIE,A320-211
N317WN,BOEING,737-3Q8
N318DX,AIRBUS,A321-211
N318JB,EMBRAER,ERJ 190-100 IGW
N318NB,AIRBUS INDUSTRIE,A319-114
N318US,AIRBUS INDUSTRIE,A320-211
N319DN,AIRBUS,A321-211
N319NB,AIRBUS INDUSTRIE,A319-114
N319US,AIRBUS INDUSTRIE,A320-211
N320DN,AIRBUS,A321-211
N320NB,AIRBUS INDUSTRIE,A319-114
N320US,AIRBUS INDUSTRIE,A320-211
N321DH,AIRBUS,A321-211
N321NB,AIRBUS INDUSTRIE,A319-114
N321US,AIRBUS INDUSTRIE,A320-211
N322DN,AIRBUS,A321-211
N322NB,AIRBUS INDUSTRIE,A319-114
N322US,AIRBUS INDUSTRIE,A320-211
N323JB,EMBRAER,ERJ 190-100 IGW
N323NB,AIRBUS INDUSTRIE,A319-114
N323US,AIRBUS INDUSTRIE,A320-211
N324DX,AIRBUS,A321-211
N324JB,EMBRAER,ERJ 190-100 IGW
N324NB,AIRBUS INDUSTRIE,A319-114
N324US,AIRBUS INDUSTRIE,A320-211
N325NB,AIRBUS INDUSTRIE,A319-114
N325US,AIRBUS INDUSTRIE,A320-211
N326NB,AIRBUS INDUSTRIE,A319-114
N326US,AIRBUS INDUSTRIE,A320-211
N327NB,AIRBUS INDUSTRIE,A319-114
N327NW,AIRBUS INDUSTRIE,A320-211
N328JB,EMBRAER,ERJ 190-100 IGW
N328NB,AIRBUS INDUSTRIE,A319-114
N328NW,AIRBUS INDUSTRIE,A320-211
N329JB,EMBRAER,ERJ 190-100 IGW
N329NB,AIRBUS INDUSTRIE,A319-114
N329NW,AIRBUS INDUSTRIE,A320-211
N330NB,AIRBUS INDUSTRIE,A319-114
N330NW,AIRBUS INDUSTRIE,A320-211
N33182,EMBRAER,EMB-145XR
N331NB,AIRBUS INDUSTRIE,A319-114
N331NW,AIRBUS INDUSTRIE,A320-211
N33203,BOEING,737-824
N33209,BOEING,737-824
N33262,BOEING,737-824
N33264,BOEING,737-824
N33266,BOEING,737-824
N33284,BOEING,737-824
N33286,BOEING,737-824
N33289,BOEING,737-824
N33292,BOEING,737-824
N332NB,AIRBUS INDUSTRIE,A319-114
N332NW,AIRBUS INDUSTRIE,A320-211
N333NB,AIRBUS INDUSTRIE,A319-114
N333NW,AIRBUS INDUSTRIE,A320-211
N334JB,EMBRAER,ERJ 190-100 IGW
N334NB,AIRBUS INDUSTRIE,A319-114
N334NW,AIRBUS INDUSTRIE,A320-212
N335NB,AIRBUS INDUSTRIE,A319-114
N335NW,AIRBUS INDUSTRIE,A320-212
N336NB,AIRBUS INDUSTRIE,A319-114
N336NW,AIRBUS INDUSTRIE,A320-212
N33714,BOEING,737-724
N337JB,EMBRAER,ERJ 190-100 IGW
N337NB,AIRBUS INDUSTRIE,A319-114
N337NW,AIRBUS INDUSTRIE,A320-212
N338NB,AIRBUS,A319-114
N338NW,AIRBUS INDUSTRIE,A320-212
N339JB,EMBRAER,ERJ 190-100 IGW
N339NB,AIRBUS,A319-114
N339NW,AIRBUS INDUSTRIE,A320-212
N340NB,AIRBUS,A319-114
N340NW,AIRBUS INDUSTRIE,A320-212
N34110,EMBRAER,EMB-145XR
N341NB,AIRBUS,A319-114
N341NW,AIRBUS INDUSTRIE,A320-212
N34222,BOEING,737-824
N34282,BOEING,737-824
N342NB,AIRBUS,A319-114
N342NW,AIRBUS INDUSTRIE,A320-212
N343NB,AIRBUS,A319-114
N343NW,AIRBUS INDUSTRIE,A320-212
N34455,BOEING,737-924ER
N34460,BOEING,737-924ER
N344NB,AIRBUS,A319-114
N344NW,AIRBUS INDUSTRIE,A320-212
N345NB,AIRBUS,A319-114
N345NW,AIRBUS INDUSTRIE,A320-212
N346JB,EMBRAER,ERJ 190-100 IGW
N346NB,AIRBUS,A319-114
N347NB,AIRBUS,A319-114
N347NW,AIRBUS INDUSTRIE,A320-212
N348JB,EMBRAER,ERJ 190-100 IGW
N348NB,AIRBUS,A319-114
N348NW,AIRBUS INDUSTRIE,A320-212
N349NB,AIRBUS,A319-114
N349NW,AIRBUS INDUSTRIE,A320-212
N350NA,AIRBUS INDUSTRIE,A320-212
N351JB,EMBRAER,ERJ 190-100 IGW
N351NB,AIRBUS,A319-114
N351NW,AIRBUS INDUSTRIE,A320-212
N35204,BOEING,737-824
N35236,BOEING,737-824
N35260,BOEING,737-824
N35271,BOEING,737-824
N352NB,AIRBUS,A319-114
N352NW,AIRBUS INDUSTRIE,A320-212
N352SW,BOEING,737-3H4
N353JB,EMBRAER,ERJ 190-100 IGW
N353NB,AIRBUS,A319-114
N353NW,AIRBUS INDUSTRIE,A320-212
N354JB,EMBRAER,ERJ 190-100 IGW
N354NB,AIRBUS,A319-114
N354NW,AIRBUS INDUSTRIE,A320-212
N354SW,BOEING,737-3H4
N355JB,EMBRAER,ERJ 190-100 IGW
N355NB,AIRBUS,A319-114
N355NW,AIRBUS INDUSTRIE,A320-212
N356NW,AIRBUS INDUSTRIE,A320-212
N356SW,BOEING,737-3H4
N357NB,AIRBUS,A319-114
N357NW,AIRBUS INDUSTRIE,A320-212
N357SW,BOEING,737-3H4
N358JB,EMBRAER,ERJ 190-100 IGW
N358NB,AIRBUS,A319-114
N358NW,AIRBUS INDUSTRIE,A320-212
N358SW,BOEING,737-3H4
N359NB,AIRBUS,A319-114
N359NW,AIRBUS INDUSTRIE,A320-212
N360NB,AIRBUS,A319-114
N360NW,AIRBUS INDUSTRIE,A320-212
N361NB,AIRBUS,A319-114
N361NW,AIRBUS INDUSTRIE,A320-212
N361VA,AIRBUS,A320-214
N36207,BOEING,737-824
N36247,BOEING,737-824
N36272,BOEING,737-824
N36280,BOEING,737-824
N362NB,AIRBUS,A319-114
N362NW,AIRBUS INDUSTRIE,A320-212
N363NB,AIRBUS,A319-114
N363NW,AIRBUS INDUSTRIE,A320-212
N36444,BOEING,737-924ER
N36447,BOEING,737-924ER
N36469,BOEING,737-924ER
N36472,BOEING,737-924ER
N364NB,AIRBUS,A319-114
N364NW,AIRBUS INDUSTRIE,A320-212
N365NB,AIRBUS,A319-114
N365NW,AIRBUS INDUSTRIE,A320-212
N366NB,AIRBUS,A319-114
N366NW,AIRBUS INDUSTRIE,A320-212
N367NW,AIRBUS INDUSTRIE,A320-212
N368JB,EMBRAER,ERJ 190-100 IGW
N368NB,AIRBUS,A319-114
N368NW,AIRBUS INDUSTRIE,A320-212
N36915,EMBRAER,EMB-145LR
N369NB,AIRBUS,A319-114
N369NW,AIRBUS INDUSTRIE,A320-212
N370NB,AIRBUS,A319-114
N370NW,AIRBUS INDUSTRIE,A320-212
N370SW,BOEING,737-3H4
N371CA,BOMBARDIER INC,CL-600-2C10
N371DA,BOEING,737-832
N371NB,AIRBUS,A319-114
N371NW,AIRBUS INDUSTRIE,A320-212
N37252,BOEING,737-824
N37253,BOEING,737-824
N37255,BOEING,737-824
N37263,BOEING,737-824
N37267,BOEING,737-824
N37273,BOEING,737-824
N37274,BOEING,737-824
N37277,BOEING,737-824
N37281,BOEING,737-824
N37287,BOEING,737-824
N37290,BOEING,737-824
N372DA,BOEING,737-832
N372NW,AIRBUS INDUSTRIE,A320-212
N3730B,BOEING,737-832
N3731T,BOEING,737-832
N3732J,BOEING,737-832
N3733Z,BOEING,737-832
N3734B,BOEING,737-832
N3735D,BOEING,737-832
N3736C,BOEING,737-832
N3737C,BOEING,737-832
N3738B,BOEING,737-832
N3739P,BOEING,737-832
N373DA,BOEING,737-832
N373JB,EMBRAER,ERJ 190-100 IGW
N373NW,AIRBUS INDUSTRIE,A320-212
N373SW,BOEING,737-3H4
N3740C,BOEING,737-832
N37413,BOEING,737-924ER
N37419,BOEING,737-924ER
N3741S,BOEING,737-832
N37420,BOEING,737-924ER
N37422,BOEING,737-924ER
N37427,BOEING,737-924ER
N3742C,BOEING,737-832
N37434,BOEING,737-924ER
N37437,BOEING,737-924ER
N3743H,BOEING,737-832
N3744F,BOEING,737-832
N37456,BOEING,737-924ER
N3745B,BOEING,737-832
N37462,BOEING,737-924ER
N37464,BOEING,737-924ER
N37465,BOEING,737-924ER
N37466,BOEING,737-924ER
N37468,BOEING,737-924ER
N3746H,BOEING,737-832
N37470,BOEING,737-924ER
N37471,BOEING,737-924ER
N37474,BOEING,737-924ER
N3747D,BOEING,737-832
N3748Y,BOEING,737-832
N3749D,BOEING,737-832
N374DA,BOEING,737-832
N374JB,EMBRAER,ERJ 190-100 IGW
N374NW,AIRBUS INDUSTRIE,A320-212
N374SW,BOEING,737-3H4
N3750D,BOEING,737-832
N3751B,BOEING,737-832
N3752,BOEING,737-832
N3753,BOEING,737-832
N3754A,BOEING,737-832
N3755D,BOEING,737-832
N3756,BOEING,737-832
N3757D,BOEING,737-832
N3758Y,BOEING,737-832
N3759,BOEING,737-832
N375DA,BOEING,737-832
N375JB,EMBRAER,ERJ 190-100 IGW
N375NC,AIRBUS,A320-212
N375SW,BOEING,737-3H4
N3760C,BOEING,737-832
N3761R,BOEING,737-832
N3762Y,BOEING,737-832
N3763D,BOEING,737-832
N3764D,BOEING,737-832
N3765,BOEING,737-832
N3766,BOEING,737-832
N3767,BOEING,737-832
N3768,BOEING,737-832
N3769L,BOEING,737-832
N376DA,BOEING,737-832
N376NW,AIRBUS,A320-212
N376SW,BOEING,737-3H4
N37700,BOEING,737-832
N3771K,BOEING,737-832
N3772H,BOEING,737-832
N3773D,BOEING,737-832
N377DA,BOEING,737-832
N377NW,AIRBUS,A320-211
N378DA,BOEING,737-832
N378NW,AIRBUS,A320-211
N378SW,BOEING,737-3H4
N379DA,BOEING,737-832
N379SW,BOEING,737-3H4
N380DA,BOEING,737-832
N380SW,BOEING,737-3H4
N381DN,BOEING,737-832
N38257,BOEING,737-824
N38268,BOEING,737-824
N382DA,BOEING,737-832
N382SW,BOEING,737-3H4
N383DN,BOEING,737-832
N383SW,BOEING,737-3H4
N38417,BOEING,737-924ER
N38443,BOEING,737-924ER
N38446,BOEING,737-924ER
N38451,BOEING,737-924ER
N38454,BOEING,737-924ER
N38458,BOEING,737-924ER
N38459,BOEING,737-924ER
N38467,BOEING,737-924ER
N38473,BOEING,737-924ER
N38479,BOEING,737-900ER
N384DA,BOEING,737-832
N385DN,BOEING,737-832
N385SW,BOEING,737-3H4
N386DA,BOEING,737-832
N386SW,BOEING,737-3H4
N38727,BOEING,737-724
N387DA,BOEING,737-832
N387SW,BOEING,737-3H4
N388DA,BOEING,737-832
N388SW,BOEING,737-3H4
N389DA,BOEING,737-832
N389SW,BOEING,737-3H4
N390DA,BOEING,737-832
N390SW,BOEING,737-3H4
N391CA,BOMBARDIER INC,CL-600-2C10
N391DA,BOEING,737-832
N391SW,BOEING,737-3H4
N392DA,BOEING,737-832
N392SW,BOEING,737-3H4
N393DA,BOEING,737-832
N39415,BOEING,737-924ER
N39416,BOEING,737-924ER
N39418,BOEING,737-924ER
N39423,BOEING,737-924ER
N39450,BOEING,737-924ER
N39461,BOEING,737-924ER
N39463,BOEING,737-924ER
N39475,BOEING,737-924ER
N394DA,BOEING,737-832
N394SW,BOEING,737-3H4
N395DN,BOEING,737-832
N395SW,BOEING,737-3H4
N396DA,BOEING,737-832
N396SW,BOEING,737-3H4
N39728,BOEING,737-724
N397DA,BOEING,737-832
N397SW,BOEING,737-3H4
N398CA,BOMBARDIER INC,CL-600-2C10
N398DA,BOEING,737-832
N398SW,BOEING,737-3H4
N399DA,BOEING,737-832
N399WN,BOEING,737-3H4
N400WN,BOEING,737-7H4
N401UA,AIRBUS INDUSTRIE,A320-232
N401WN,BOEING,737-7H4
N402UA,AIRBUS INDUSTRIE,A320-232
N402WN,BOEING,737-7H4
N403UA,AIRBUS INDUSTRIE,A320-232
N403WN,BOEING,737-7H4
N404UA,AIRBUS INDUSTRIE,A320-232
N404WN,BOEING,737-7H4
N405UA,AIRBUS INDUSTRIE,A320-232
N405WN,BOEING,737-7H4
N406UA,AIRBUS INDUSTRIE,A320-232
N406WN,BOEING,737-7H4
N407UA,AIRBUS INDUSTRIE,A320-232
N407WN,BOEING,737-7H4
N408UA,AIRBUS INDUSTRIE,A320-232
N408WN,BOEING,737-7H4
N409UA,AIRBUS INDUSTRIE,A320-232
N409WN,BOEING,737-7H4
N410UA,AIRBUS INDUSTRIE,A320-232
N410WN,BOEING,737-7H4
N411UA,AIRBUS INDUSTRIE,A320-232
N411WN,BOEING,737-7H4
N412UA,AIRBUS INDUSTRIE,A320-232
N412WN,BOEING,737-7H4
N413UA,AIRBUS INDUSTRIE,A320-232
N413WN,BOEING,737-7H4
N414UA,AIRBUS INDUSTRIE,A320-232
N414WN,BOEING,737-7H4
N415UA,AIRBUS INDUSTRIE,A320-232
N415WN,BOEING,737-7H4
N416UA,AIRBUS INDUSTRIE,A320-232
N416WN,BOEING,737-7H4
N417UA,AIRBUS INDUSTRIE,A320-232
N417WN,BOEING,737-7H4
N418UA,AIRBUS INDUSTRIE,A320-232
N418WN,BOEING,737-7H4
N419UA,AIRBUS INDUSTRIE,A320-232
N419WN,BOEING,737-7H4
N420UA,AIRBUS INDUSTRIE,A320-232
N420WN,BOEING,737-7H4
N421LV,BOEING,737-7H4
N421UA,AIRBUS INDUSTRIE,A320-232
N422UA,AIRBUS INDUSTRIE,A320-232
N422WN,BOEING,737-7H4
N423UA,AIRBUS INDUSTRIE,A320-232
N423WN,BOEING,737-7H4
N424AA,MCDONNELL DOUGLAS,DC-9-82(MD-82)
N424UA,AIRBUS INDUSTRIE,A320-232
N424WN,BOEING,737-7H4
N425LV,BOEING,737-7H4
N425UA,AIRBUS INDUSTRIE,A320-232
N426AA,MCDONNELL DOUGLAS,DC-9-82(MD-82)
N426UA,AIRBUS INDUSTRIE,A320-232
N426WN,BOEING,737-7H4
N427UA,AIRBUS INDUSTRIE,A320-232
N427WN,BOEING,737-7H4
N428UA,AIRBUS INDUSTRIE,A320-232
N428WN,BOEING,737-7H4
N429UA,AIRBUS INDUSTRIE,A320-232
N429WN,BOEING,737-7H4
N430UA,AIRBUS INDUSTRIE,A320-232
N430WN,BOEING,737-7H4
N431UA,AIRBUS INDUSTRIE,A320-232
N431WN,BOEING,737-7H4
N432UA,AIRBUS INDUSTRIE,A320-232
N432WN,BOEING,737-7H4
N433LV,BOEING,737-7H4
N433UA,AIRBUS INDUSTRIE,A320-232
N434UA,AIRBUS INDUSTRIE,A320-232
N434WN,BOEING,737-7H4
N435UA,AIRBUS INDUSTRIE,A320-232
N435WN,BOEING,737-7H4
N436UA,AIRBUS INDUSTRIE,A320-232
N436WN,BOEING,737-7H4
N437UA,AIRBUS INDUSTRIE,A320-232
N437WN,BOEING,737-7H4
N438UA,AIRBUS INDUSTRIE,A320-232
N438WN,BOEING,737-7H4
N439UA,AIRBUS INDUSTRIE,A320-232
N439WN,BOEING,737-7H4
N440LV,BOEING,737-7H4
N440UA,AIRBUS INDUSTRIE,A320-232
N441UA,AIRBUS INDUSTRIE,A320-232
N441WN,BOEING,737-7H4
N442UA,AIRBUS INDUSTRIE,A320-232
N442WN,BOEING,737-7H4
N443UA,AIRBUS INDUSTRIE,A320-232
N443WN,BOEING,737-7H4
N444UA,AIRBUS INDUSTRIE,A320-232
N444WN,BOEING,737-7H4
N445UA,AIRBUS INDUSTRIE,A320-232
N445WN,BOEING,737-7H4
N446UA,AIRBUS INDUSTRIE,A320-232
N446WN,BOEING,737-7H4
N447UA,AIRBUS INDUSTRIE,A320-232
N447WN,BOEING,737-7H4
N448UA,AIRBUS INDUSTRIE,A320-232
N448WN,BOEING,737-7H4
N449UA,AIRBUS INDUSTRIE,A320-232
N449WN,BOEING,737-7H4
N450WN,BOEING,737-7H4
N451UA,AIRBUS INDUSTRIE,A320-232
N451WN,BOEING,737-7H4
N452UA,AIRBUS INDUSTRIE,A320-232
N452WN,BOEING,737-7H4
N453UA,AIRBUS INDUSTRIE,A320-232
N453WN,BOEING,737-7H4
N45440,BOEING,737-924ER
N454UA,AIRBUS INDUSTRIE,A320-232
N454WN,BOEING,737-7H4
N455UA,AIRBUS INDUSTRIE,A320-232
N455WN,BOEING,737-7H4
N456UA,AIRBUS INDUSTRIE,A320-232
N456WN,BOEING,737-7H4
N457UA,AIRBUS INDUSTRIE,A320-232
N457WN,BOEING,737-7H4
N458UA,AIRBUS INDUSTRIE,A320-232
N458WN,BOEING,737-7H4
N459UA,AIRBUS INDUSTRIE,A320-232
N459WN,BOEING,737-7H4
N460UA,AIRBUS INDUSTRIE,A320-232
N460WN,BOEING,737-7H4
N461UA,AIRBUS INDUSTRIE,A320-232
N461WN,BOEING,737-7H4
N462UA,AIRBUS INDUSTRIE,A320-232
N462WN,BOEING,737-7H4
N463UA,AIRBUS INDUSTRIE,A320-232
N463WN,BOEING,737-7H4
N464UA,AIRBUS INDUSTRIE,A320-232
N464WN,BOEING,737-7H4
N465UA,AIRBUS INDUSTRIE,A320-232
N465WN,BOEING,737-7H4
N466UA,AIRBUS INDUSTRIE,A320-232
N466WN,BOEING,737-7H4
N467UA,AIRBUS INDUSTRIE,A320-232
N467WN,BOEING,737-7H4
N468UA,AIRBUS INDUSTRIE,A320-232
N468WN,BOEING,737-7H4
N469UA,AIRBUS INDUSTRIE,A320-232
N469WN,BOEING,737-7H4
N470UA,AIRBUS INDUSTRIE,A320-232
N470WN,BOEING,737-7H4
N471UA,AIRBUS INDUSTRIE,A320-232
N472UA,AIRBUS INDUSTRIE,A320-232
N472WN,BOEING,737-7H4
N473UA,AIRBUS INDUSTRIE,A320-232
N473WN,BOEING,737-7H4
N47414,BOEING,737-924ER
N474AA,CESSNA,172M
N474UA,AIRBUS INDUSTRIE,A320-232
N474WN,BOEING,737-7H4
N475UA,AIRBUS INDUSTRIE,A320-232
N475WN,BOEING,737-7H4
N476UA,AIRBUS INDUSTRIE,A320-232
N476WN,BOEING,737-7H4
N477UA,AIRBUS INDUSTRIE,A320-232
N477WN,BOEING,737-7H4
N478UA,AIRBUS INDUSTRIE,A320-232
N478WN,BOEING,737-7H4
N479UA,AIRBUS INDUSTRIE,A320-232
N479WN,BOEING,737-7H4
N480UA,AIRBUS INDUSTRIE,A320-232
N480WN,BOEING,737-7H4
N481UA,AIRBUS INDUSTRIE,A320-232
N481WN,BOEING,737-7H4
N482UA,AIRBUS INDUSTRIE,A320-232
N482WN,BOEING,737-7H4
N483UA,AIRBUS INDUSTRIE,A320-232
N483WN,BOEING,737-7H4
N484UA,AIRBUS INDUSTRIE,A320-232
N484WN,BOEING,737-7H4
N485UA,AIRBUS INDUSTRIE,A320-232
N485WN,BOEING,737-7H4
N486UA,AIRBUS INDUSTRIE,A320-232
N486WN,BOEING,737-7H4
N487UA,AIRBUS INDUSTRIE,A320-232
N487WN,BOEING,737-7H4
N488UA,AIRBUS INDUSTRIE,A320-232
N488WN,BOEING,737-7H4
N48901,EMBRAER,EMB-145LR
N489UA,AIRBUS,A320-232
N489WN,BOEING,737-7H4
N490UA,AIRBUS,A320-232
N490WN,BOEING,737-7H4
N491UA,AIRBUS,A320-232
N491WN,BOEING,737-7H4
N492UA,AIRBUS,A320-232
N492WN,BOEING,737-7H4
N493UA,AIRBUS,A320-232
N493WN,BOEING,737-7H4
N494UA,AIRBUS,A320-232
N494WN,BOEING,737-7H4
N495UA,AIRBUS,A320-232
N495WN,BOEING,737-7H4
N496UA,AIRBUS,A320-232
N496WN,BOEING,737-7H4
N497UA,AIRBUS,A320-232
N497WN,BOEING,737-7H4
N498UA,AIRBUS,A320-232
N498WN,BOEING,737-7H4
N499WN,BOEING,737-7H4
N500WR,BOEING,737-8H4
N502NK,AIRBUS,A319-132
N503JB,AIRBUS INDUSTRIE,A320-232
N503NK,AIRBUS,A319-132
N504JB,AIRBUS INDUSTRIE,A320-232
N504NK,AIRBUS,A319-132
N505JB,AIRBUS INDUSTRIE,A320-232
N505NK,AIRBUS,A319-132
N506JB,AIRBUS INDUSTRIE,A320-232
N506NK,AIRBUS,A319-132
N507AA,WOBIG WAYNE R,FALCON-XP
N507AY,AIRBUS,A321-231
N507NK,AIRBUS,A319-132
N508AA,BELL,206B
N508AY,AIRBUS,A321-231
N508JB,CIRRUS DESIGN CORP,SR22
N508NK,AIRBUS,A319-132
N509AY,AIRBUS,A321-231
N509JB,AIRBUS INDUSTRIE,A320-232
N509NK,AIRBUS,A319-132
N510AA,CESSNA,210N
N510JB,AIRBUS INDUSTRIE,A320-232
N510NK,AIRBUS,A319-132
N510UW,AIRBUS,A321-231
N512NK,AIRBUS,A319-132
N514NK,AIRBUS,A319-132
N515NK,AIRBUS,A319-132
N516JB,AIRBUS INDUSTRIE,A320-232
N516NK,AIRBUS,A319-132
N517JB,AIRBUS INDUSTRIE,A320-232
N517NK,AIRBUS,A319-132
N519JB,AIRBUS INDUSTRIE,A320-232
N519NK,AIRBUS,A319-132
N519UW,AIRBUS,A321-231
N520JB,AIRBUS INDUSTRIE,A320-232
N521JB,AIRBUS INDUSTRIE,A320-232
N521NK,AIRBUS,A319-132
N521UW,AIRBUS,A321-231
N521VA,AIRBUS,A319-112
N522NK,AIRBUS,A319-132
N522VA,AIRBUS,A319-112
N523JB,AIRBUS INDUSTRIE,A320-232
N523NK,AIRBUS,A319-132
N523UW,AIRBUS,A321-231
N523VA,AIRBUS,A319-112
N524JB,AIRBUS INDUSTRIE,A320-232
N524NK,AIRBUS,A319-132
N524UW,AIRBUS,A321-231
N524VA,AIRBUS,A319-112
N525NK,AIRBUS,A319-132
N525VA,AIRBUS,A319-112
N526NK,AIRBUS,A319-132
N526VA,AIRBUS,A319-112
N527NK,AIRBUS,A319-132
N527VA,AIRBUS,A319-112
N528NK,AIRBUS,A319-132
N528VA,AIRBUS,A319-112
N529JB,AIRBUS INDUSTRIE,A320-232
N529NK,AIRBUS,A319-132
N529VA,AIRBUS,A319-112
N530NK,AIRBUS,A319-132
N530VA,AIRBUS,A319-112
N531JB,BOMBARDIER INC,CL-600-2B16
N531NK,AIRBUS,A319-132
N532NK,AIRBUS,A319-132
N533NK,AIRBUS,A319-132
N53441,BOEING,737-924ER
N53442,BOEING,737-924ER
N534JB,AIRBUS INDUSTRIE,A320-232
N534NK,AIRBUS,A319-132
N534UW,AIRBUS,A321-231
N535JB,AIRBUS INDUSTRIE,A320-232
N535UW,AIRBUS,A321-231
N536AA,AMERICAN AIRCRAFT INC,FALCON XP
N536JB,AIRBUS,A320-232
N536UW,AIRBUS,A321-231
N537JB,ROBINSON HELICOPTER CO,R66
N537UW,AIRBUS,A321-231
N538UW,AIRBUS,A321-231
N539UW,AIRBUS,A321-231
N540UW,AIRBUS,A321-231
N54241,BOEING,737-824
N542UW,AIRBUS,A321-231
N543UW,AIRBUS,A321-231
N544AA,FRIEDEMANN JON,VANS AIRCRAFT RV6
N544UW,AIRBUS,A321-231
N545AA,PIPER,PA-32R-300
N545UW,AIRBUS,A321-231
N546UW,AIRBUS,A321-231
N54711,BOEING,737-724
N547JB,AIRBUS,A320-232
N548US,BOEING,757-251
N549UW,AIRBUS,A321-231
N550WN,BOEING,737-76Q
N551AA,LEBLANC GLENN T,FALCON XP
N551UW,AIRBUS,A321-231
N551WN,BOEING,737-76Q
N552AA,MCDONNELL DOUGLAS,DC-9-82(MD-82)
N552JB,AIRBUS,A320-232
N552NW,BOEING,757-251
N552UW,AIRBUS,A321-231
N552WN,BOEING,737-7BX
N553AA,MCDONNELL DOUGLAS,DC-9-82(MD-82)
N553UW,AIRBUS,A321-231
N553WN,BOEING,737-7BX
N554AA,MCDONNELL DOUGLAS,DC-9-82(MD-82)
N554JB,AIRBUS,A320-232
N554UW,AIRBUS,A321-231
N554WN,BOEING,737-7BX
N555LV,BOEING,737-7BD
N556AA,MCDONNELL DOUGLAS,DC-9-82(MD-82)
N556JB,AIRBUS,A320-232
N556UW,AIRBUS,A321-231
N556WN,BOEING,737-7BD
N557AA,MARZ BARRY,KITFOX IV
N557UW,AIRBUS,A321-231
N557WN,BOEING,737-790
N558AA,MCDONNELL DOUGLAS,DC-9-82(MD-82)
N558JB,AIRBUS,A320-232
N558UW,AIRBUS,A321-231
N558WN,BOEING,737-73V
N559AA,MCDONNELL DOUGLAS,DC-9-82(MD-82)
N559JB,AIRBUS,A320-232
N559UW,AIRBUS,A321-231
N559WN,BOEING,737-73V
N560AA,MCDONNELL DOUGLAS,DC-9-82(MD-82)
N560UW,AIRBUS,A321-231
N560WN,BOEING,737-790
N561AA,MCDONNELL DOUGLAS,DC-9-82(MD-82)
N561JB,AIRBUS,A320-232
N561UW,AIRBUS,A321-231
N561WN,BOEING,737-73V
N562AA,YUNEEC INTERNATIONAL CO LTD,Q500 TYPHOON
N562JB,AIRBUS,A320-232
N562UW,AIRBUS,A321-231
N562WN,BOEING,737-790
N563JB,AIRBUS,A320-232
N563UW,AIRBUS,A321-231
N563WN,BOEING,737-752
N564JB,AIRBUS,A320-232
N564WN,BOEING,737-73V
N565JB,AIRBUS,A320-232
N565WN,BOEING,737-76Q
N566JB,AIRBUS,A320-232
N566WN,BOEING,737-7CT
N567UW,AIRBUS,A321-231
N567WN,BOEING,737-7CT
N56859,BOEING,757-324
N568AA,MCDONNELL DOUGLAS,DC-9-83(MD-83)
N568JB,AIRBUS,A320-232
N568UW,AIRBUS,A321-231
N568WN,BOEING,737-76N
N569JB,AIRBUS,A320-232
N569WN,BOEING,737-7CT
N570JB,AIRBUS,A320-232
N570WN,BOEING,737-7CT
N571JB,AIRBUS,A320-232
N572UW,AIRBUS INDUSTRIE,A321-231
N573AA,MCDONNELL DOUGLAS,DC-9-82(MD-82)
N573UW,AIRBUS INDUSTRIE,A321-231
N57439,BOEING,737-924ER
N575AA,CESSNA,210-5(205)
N575UW,AIRBUS INDUSTRIE,A321-231
N576AA,MCDONNELL DOUGLAS,DC-9-82(MD-82)
N576UW,AIRBUS INDUSTRIE,A321-231
N57852,BOEING,757-324
N57855,BOEING,757-324
N57857,BOEING,757-324
N57862,BOEING,757-33N
N57863,BOEING,757-33N
N57864,BOEING,757-33N
N57868,BOEING,757-33N
N57869,BOEING,757-33N
N57870,BOEING,757-33N
N578AA,MCDONNELL DOUGLAS,DC-9-82(MD-82)
N578UW,AIRBUS INDUSTRIE,A321-231
N579JB,AIRBUS,A320-232
N579UW,AIRBUS INDUSTRIE,A321-231
N580JB,AIRBUS,A320-232
N580UW,AIRBUS,A321-231
N581AA,MCDONNELL DOUGLAS,DC-9-82(MD-82)
N581UW,AIRBUS INDUSTRIE,A321-231
N582AA,MCDONNELL DOUGLAS,DC-9-82(MD-82)
N582CA,BOMBARDIER INC,CL-600-2D24
N582UW,AIRBUS INDUSTRIE,A321-231
N583AA,MCDONNELL DOUGLAS,DC-9-82(MD-82)
N583JB,AIRBUS,A320-232
N583UW,AIRBUS INDUSTRIE,A321-231
N584JB,AIRBUS,A320-232
N584UW,AIRBUS INDUSTRIE,A321-231
N585AA,MCDONNELL DOUGLAS,DC-9-82(MD-82)
N585JB,AIRBUS,A320-232
N585UW,AIRBUS INDUSTRIE,A321-231
N586AA,MCDONNELL DOUGLAS,DC-9-82(MD-82)
N586JB,AIRBUS,A320-232
N586UW,AIRBUS,A321-231
N587AA,MCDONNELL DOUGLAS,DC-9-82(MD-82)
N587JB,AIRBUS,A320-232
N587UW,AIRBUS,A321-231
N588JB,AIRBUS,A320-232
N588NK,AIRBUS,A321-231
N589JB,AIRBUS,A320-232
N590AA,MCDONNELL DOUGLAS,DC-9-83(MD-83)
N590JB,AIRBUS,A320-232
N591JB,AIRBUS,A320-232
N592JB,AIRBUS,A320-232
N593JB,AIRBUS,A320-232
N594JB,AIRBUS,A320-232
N595JB,AIRBUS,A320-232
N597JB,AIRBUS,A320-232
N598JB,AIRBUS,A320-232
N599JB,AIRBUS,A320-232
N600QX,BOMBARDIER INC,CL-600-2C10
N600WN,BOEING,737-3H4
N601AW,AIRBUS,A320-232
N601NK,AIRBUS,A320-232
N601WN,BOEING,737-3H4
N602NK,AIRBUS,A320-232
N602SW,BOEING,737-3H4
N603AT,BOEING,717-200
N603JB,AIRBUS,A320-232
N603NK,AIRBUS,A320-232
N603SW,BOEING,737-3H4
N604AA,BOEING,757-223
N604AW,AIRBUS INDUSTRIE,A320-232
N604NK,AIRBUS,A320-232
N604QX,BOMBARDIER INC,CL-600-2C10
N604SW,BOEING,737-3H4
N605JB,AIRBUS,A320-232
N605NK,AIRBUS,A320-232
N605QX,BOMBARDIER INC,CL-600-2C10
N606JB,AIRBUS,A320-232
N606LR,BOMBARDIER INC,CL-600-2D24
N606NK,AIRBUS,A320-232
N606SW,BOEING,737-3H4
N607AT,BOEING,717-200
N607JB,AIRBUS,A320-232
N607LR,BOMBARDIER INC,CL-600-2D24
N607NK,AIRBUS INDUSTRIE,A320-232
N607SW,BOEING,737-3H4
N608AT,BOEING,717-200
N608JB,AIRBUS,A320-232
N608NK,AIRBUS,A320-232
N608QX,BOMBARDIER INC,CL-600-2C10
N608SW,BOEING,737-3H4
N609NK,AIRBUS,A320-232
N609SW,BOEING,737-3H4
N610WN,BOEING,737-3H4
N611NK,AIRBUS,A320-232
N611QX,BOMBARDIER INC,CL-600-2C10
N611SW,BOEING,737-3H4
N612JB,AIRBUS,A320-232
N612NK,AIRBUS,A320-232
N612QX,BOMBARDIER INC,CL-600-2C10
N612SW,BOEING,737-3H4
N613JB,AIRBUS,A320-232
N613NK,AIRBUS,A320-232
N613SW,BOEING,737-3H4
N614NK,AIRBUS,A320-232
N614QX,BOMBARDIER INC,CL-600-2C10
N614SW,BOEING,737-3H4
N615JB,AIRBUS,A320-232
N615NK,AIRBUS,A320-232
N615QX,BOMBARDIER INC,CL-600-2C10
N615SW,BOEING,737-3H4
N616NK,AIRBUS,A320-232
N616SW,BOEING,737-3H4
N617NK,AIRBUS,A320-232
N61881,BOEING,737-924ER
N61882,BOEING,737-924ER
N61886,BOEING,737-924ER
N61887,BOEING,737-924ER
N61898,BOEING,737-900ER
N618JB,AIRBUS,A320-232
N618NK,AIRBUS,A320-232
N618WN,BOEING,737-3H4
N619NK,AIRBUS,A320-232
N619SW,BOEING,737-3H4
N620NK,AIRBUS,A320-232
N620SW,BOEING,737-3H4
N621JB,AIRBUS,A320-232
N621NK,AIRBUS,A320-232
N621SW,BOEING,737-3H4
N622NK,AIRBUS,A320-232
N622SW,BOEING,737-3H4
N622VA,AIRBUS,A320-214
N623JB,AIRBUS,A320-232
N623NK,AIRBUS,A320-232
N623SW,BOEING,737-3H4
N623VA,AIRBUS,A320-214
N624JB,AIRBUS,A320-232
N624NK,AIRBUS,A320-232
N624SW,BOEING,737-3H4
N625JB,AIRBUS,A320-232
N625NK,AIRBUS,A320-232
N625SW,BOEING,737-3H4
N626NK,AIRBUS,A320-232
N626SW,BOEING,737-3H4
N626VA,AIRBUS,A320-214
N627DL,BOEING,757-232
N627JB,AIRBUS,A320-232
N627NK,AIRBUS,A320-232
N627SW,BOEING,737-3H4
N62849,BOEING,737-924ER
N62883,BOEING,737-924ER
N62884,BOEING,737-924ER
N62889,BOEING,737-924ER
N62892,BOEING,737-924ER
N62894,BOEING,737-924ER
N62895,BOEING,737-900ER
N62896,BOEING,737-900ER
N628NK,AIRBUS,A320-232
N628SW,BOEING,737-3H4
N628VA,AIRBUS,A320-214
N629JB,AIRBUS,A320-232
N629NK,AIRBUS,A320-232
N629VA,AIRBUS,A320-214
N630JB,AIRBUS,A320-232
N630NK,AIRBUS,A320-232
N630WN,BOEING,737-3H4
N631NK,AIRBUS,A320-232
N631SW,BOEING,737-3H4
N632JB,AIRBUS,A320-232
N632NK,AIRBUS,A320-232
N632SW,BOEING,737-3H4
N633JB,AIRBUS,A320-232
N633NK,AIRBUS,A320-232
N633SW,BOEING,737-3H4
N633VA,AIRBUS,A320-214
N634JB,AIRBUS,A320-232
N634NK,AIRBUS,A320-232
N634SW,BOEING,737-3H4
N634VA,AIRBUS,A320-214
N635JB,AIRBUS,A320-232
N635NK,AIRBUS,A320-232
N635SW,BOEING,737-3H4
N636JB,AIRBUS,A320-232
N636NK,AIRBUS,A320-232
N636VA,AIRBUS,A320-214
N636WN,BOEING,737-3H4
N637JB,AIRBUS,A320-232
N637NK,AIRBUS,A320-232
N637SW,BOEING,737-3H4
N63820,BOEING,737-924ER
N63890,BOEING,737-924ER
N63899,BOEING,737-900ER
N638JB,AIRBUS,A320-232
N638NK,AIRBUS,A320-232
N638SW,BOEING,737-3H4
N639JB,AIRBUS,A320-232
N639NK,AIRBUS,A320-232
N639SW,BOEING,737-3H4
N640JB,AIRBUS,A320-232
N640NK,AIRBUS,A320-232
N640SW,BOEING,737-3H4
N640VA,AIRBUS,A320-214
N641JB,AIRBUS,A320-232
N641NK,AIRBUS,A320-232
N641SW,BOEING,737-3H4
N642NK,AIRBUS,A320-232
N642VA,AIRBUS,A320-214
N642WN,BOEING,737-3H4
N643JB,AIRBUS,A320-232
N643NK,AIRBUS,A320-232
N643SW,BOEING,737-3H4
N644JB,AIRBUS,A320-232
N644NK,AIRBUS,A320-232
N644SW,BOEING,737-3H4
N645JB,AIRBUS,A320-232
N645NK,AIRBUS,A320-232
N645SW,BOEING,737-3H4
N646JB,AIRBUS,A320-232
N646NK,AIRBUS,A320-232
N646SW,BOEING,737-3H4
N647AA,GRAHAM JERRY,FALCON-XP
N647NK,AIRBUS,A320-232
N647SW,BOEING,737-3H4
N64809,BOEING,737-924ER
N64844,BOEING,737-924ER
N648JB,AIRBUS,A320-232
N648NK,AIRBUS,A320-232
N648SW,BOEING,737-3H4
N649AA,BOEING,757-223
N649AW,AIRBUS INDUSTRIE,A320-232
N649JB,AIRBUS,A320-232
N649NK,AIRBUS,A320-232
N650AW,AIRBUS INDUSTRIE,A320-232
N650SW,BOEING,737-3H4
N651JB,AIRBUS,A320-232
N651SW,BOEING,737-3H4
N652AA,BOEING,757-223
N652JB,AIRBUS,A320-232
N652SW,BOEING,737-3H4
N653JB,AIRBUS,A320-232
N653SW,BOEING,737-3H4
N654AW,AIRBUS INDUSTRIE,A320-232
N654SW,BOEING,737-3H4
N655AA,BOEING,757-223
N655JB,AIRBUS,A320-232
N655WN,BOEING,737-3H4
N656AA,BOEING,757-223
N656JB,AIRBUS,A320-232
N656SW,BOEING,737-3H4
N657AW,AIRBUS INDUSTRIE,A320-232
N657JB,AIRBUS,A320-232
N657NK,AIRBUS,A321-231
N65832,BOEING,737-924ER
N658AA,BOEING,757-223
N658AW,AIRBUS INDUSTRIE,A320-232
N658JB,AIRBUS,A320-232
N658NK,AIRBUS,A321-231
N659AA,BOEING,757-223
N659AW,AIRBUS INDUSTRIE,A320-232
N659JB,AIRBUS,A320-232
N659NK,AIRBUS,A321-231
N660AW,AIRBUS INDUSTRIE,A320-232
N660NK,AIRBUS,A321-231
N661AA,ROBERT D WHITE,AIRCAM
N661AW,AIRBUS INDUSTRIE,A320-232
N661DN,BOEING,757-232
N661JB,AIRBUS,A320-232
N661NK,AIRBUS,A321-231
N662AA,BOEING,757-223
N662JB,AIRBUS,A320-232
N662NK,AIRBUS,A321-231
N663AA,CESSNA,402C
N663JB,AIRBUS,A320-232
N663NK,AIRBUS,A321-231
N664NK,AIRBUS,A321-231
N665AA,BOEING,757-223
N665AW,AIRBUS INDUSTRIE,A320-232
N665JB,AIRBUS,A320-232
N665NK,AIRBUS,A321-231
N667AW,AIRBUS INDUSTRIE,A320-232
N667NK,AIRBUS,A321-231
N66803,BOEING,737-924ER
N66808,BOEING,737-924ER
N66814,BOEING,737-924ER
N66825,BOEING,737-924ER
N66828,BOEING,737-924ER
N66831,BOEING,737-924ER
N66837,BOEING,737-924ER
N66841,BOEING,737-924ER
N66848,BOEING,737-924ER
N66893,BOEING,737-924ER
N66897,BOEING,737-900ER
N668AA,BOEING,757-223
N668AW,AIRBUS,A320-232
N668DN,BOEING,757-232
N668NK,AIRBUS,A321-231
N669AA,BOEING,757-223
N669AW,AIRBUS,A320-232
N669DN,BOEING,757-232
N669NK,AIRBUS,A321-231
N6706Q,BOEING,757-232
N670NK,AIRBUS,A321-231
N6710E,BOEING,757-232
N6711M,BOEING,757-232
N67171,BOEING,757-232
N671NK,AIRBUS,A321-231
N672AA,BOEING,757-223
N672NK,AIRBUS,A321-231
N673NK,AIRBUS,A321-231
N674NK,AIRBUS,A321-231
N675DL,BOEING,757-232
N675NK,AIRBUS,A321-231
N676CA,BOMBARDIER INC,CL-600-2D24
N676DL,BOEING,757-232
N676NK,AIRBUS,A321-231
N677NK,AIRBUS,A321-231
N67812,BOEING,737-924ER
N67815,BOEING,737-924ER
N67827,BOEING,737-924ER
N67845,BOEING,737-924ER
N67846,BOEING,737-924ER
N678CA,BOMBARDIER INC,CL-600-2D24
N678DL,BOEING,757-232
N679AW,AIRBUS,A320-232
N680AW,AIRBUS,A320-232
N680DA,BOEING,757-232
N681DA,BOEING,757-232
N683DA,BOEING,757-232
N68452,BOEING,737-924ER
N68453,BOEING,737-924ER
N684DA,BOEING,757-232
N686BR,BOMBARDIER INC,CL-600-2B19
N687SW,BOEING,737-3Q8
N68801,BOEING,737-924ER
N68802,BOEING,737-924ER
N68805,BOEING,737-924ER
N68807,BOEING,737-924ER
N68811,BOEING,737-924ER
N68817,BOEING,737-924ER
N68821,BOEING,737-924ER
N68822,BOEING,737-924ER
N68823,BOEING,737-924ER
N68834,BOEING,737-924ER
N68836,BOEING,737-924ER
N68842,BOEING,737-924ER
N68843,BOEING,737-924ER
N68880,BOEING,737-924ER
N68891,BOEING,737-924ER
N691CA,BOMBARDIER INC,CL-600-2D24
N693DL,BOEING,757-232
N695CA,BOMBARDIER INC,CL-600-2D24
N696DL,BOEING,757-232
N69804,BOEING,737-924ER
N69806,BOEING,737-924ER
N69810,BOEING,737-924ER
N69813,BOEING,737-924ER
N69816,BOEING,737-924ER
N69818,BOEING,737-924ER
N69819,BOEING,737-924ER
N69824,BOEING,737-924ER
N69826,BOEING,737-924ER
N69829,BOEING,737-924ER
N69830,BOEING,737-924ER
N69833,BOEING,737-924ER
N69835,BOEING,737-924ER
N69838,BOEING,737-924ER
N69839,BOEING,737-924ER
N69840,BOEING,737-924ER
N69847,BOEING,737-924ER
N69885,BOEING,737-924ER
N69888,BOEING,737-924ER
N700AA,JENSEN JAY A,TURBO COURIER
N700GS,BOEING,737-7H4
N700UW,AIRBUS INDUSTRIE,A319-112
N701AA,SMITH ROLAND W,ZENITH CH 701
N701GS,BOEING,737-7H4
N701UW,AIRBUS INDUSTRIE,A319-112
N702AA,SOCATA,TBM 700
N702UW,AIRBUS INDUSTRIE,A319-112
N703JB,AIRBUS,A320-232
N703SW,BOEING,737-7H4
N703TW,BOEING,757-2Q8
N703UW,AIRBUS INDUSTRIE,A319-112
N704AA,CESSNA,150M
N704SW,BOEING,737-7H4
N704US,AIRBUS INDUSTRIE,A319-112
N705AA,BOEING,727-200
N705JB,AIRBUS,A320-232
N705SK,BOMBARDIER INC,CL-600-2C10
N705SW,BOEING,737-7H4
N705UW,AIRBUS INDUSTRIE,A319-112
N706JB,AIRBUS,A320-232
N706SW,BOEING,737-7H4
N707EV,BOMBARDIER INC,CL-600-2C10
N707SA,BOEING,737-7H4
N708AA,BOEING,727-223
N708EV,BOMBARDIER INC,CL-600-2C10
N708JB,AIRBUS,A320-232
N708SW,BOEING,737-7H4
N708UW,AIRBUS INDUSTRIE,A319-112
N709AA,GULFSTREAM AEROSPACE,G-V
N709EV,BOMBARDIER INC,CL-600-2C10
N709JB,AIRBUS,A320-232
N709SW,BOEING,737-7H4
N709UW,AIRBUS INDUSTRIE,A319-112
N710EV,BOMBARDIER INC,CL-600-2C10
N710SW,BOEING,737-7H4
N710TW,BOEING,757-2Q8
N710UW,AIRBUS INDUSTRIE,A319-112
N711AA,BEECH,B-60
N711HK,BOEING,737-7H4
N711UW,AIRBUS INDUSTRIE,A319-112
N712EV,BOMBARDIER INC,CL-600-2C10
N712JB,AIRBUS,A320-232
N712SW,BOEING,737-7H4
N712US,AIRBUS INDUSTRIE,A319-112
N713EV,BOMBARDIER INC,CL-600-2C10
N713SW,BOEING,737-7H4
N713UW,AIRBUS INDUSTRIE,A319-112
N714CB,BOEING,737-7H4
N714US,AIRBUS INDUSTRIE,A319-112
N715JB,AIRBUS,A320-232
N715SW,BOEING,737-7H4
N715UW,AIRBUS INDUSTRIE,A319-112
N716EV,BOMBARDIER INC,CL-600-2C10
N716SW,BOEING,737-7H4
N716UW,AIRBUS INDUSTRIE,A319-112
N717EV,BOMBARDIER INC,CL-600-2C10
N717JL,BOEING,717-200
N717SA,BOEING,737-7H4
N717UW,AIRBUS INDUSTRIE,A319-112
N718EV,BOMBARDIER INC,CL-600-2C10
N718SW,BOEING,737-7H4
N718TW,BOEING,757-231
N719EV,BOMBARDIER INC,CL-600-2C10
N719SW,BOEING,737-7H4
N720EV,BOMBARDIER INC,CL-600-2C10
N720WN,BOEING,737-7H4
N721AA,CESSNA,172K
N721UW,AIRBUS INDUSTRIE,A319-112
N722AA,CESSNA,172M
N722EV,BOMBARDIER INC,CL-600-2C10
N722TW,BOEING,757-231
N722US,AIRBUS INDUSTRIE,A319-112
N723EV,BOMBARDIER INC,CL-600-2C10
N723SW,BOEING,737-7H4
N723UW,AIRBUS INDUSTRIE,A319-112
N724AA,RAYTHEON AIRCRAFT COMPANY,B200
N724EV,BOMBARDIER INC,CL-600-2C10
N724SW,BOEING,737-7H4
N724UW,AIRBUS INDUSTRIE,A319-112
N725SW,BOEING,737-7H4
N725UW,AIRBUS INDUSTRIE,A319-112
N726SW,BOEING,737-7H4
N727SW,BOEING,737-7H4
N727TW,BOEING,757-231
N728SW,BOEING,737-7H4
N729JB,AIRBUS,A320-232
N729SW,BOEING,737-7H4
N730EV,BOMBARDIER INC,CL-600-2C10
N730SW,BOEING,737-7H4
N730US,AIRBUS INDUSTRIE,A319-112
N731SA,BOEING,737-7H4
N73251,BOEING,737-824
N73256,BOEING,737-824
N73259,BOEING,737-824
N73270,BOEING,737-824
N73275,BOEING,737-824
N73276,BOEING,737-824
N73278,BOEING,737-824
N73283,BOEING,737-824
N73291,BOEING,737-824
N732AA,RAYTHEON CORPORATE JETS INC,BAE 125-800A
N732SW,BOEING,737-7H4
N732US,AIRBUS INDUSTRIE,A319-112
N733SA,BOEING,737-7H4
N733UW,AIRBUS INDUSTRIE,A319-112
N73445,BOEING,737-924ER
N734SA,BOEING,737-7H4
N735SA,BOEING,737-7H4
N736SA,BOEING,737-7H4
N737AA,CESSNA,172N
N737JW,BOEING,737-7H4
N737US,AIRBUS INDUSTRIE,A319-112
N73860,BOEING,757-33N
N738CB,BOEING,737-7H4
N738EV,BOMBARDIER INC,CL-600-2C10
N738US,AIRBUS INDUSTRIE,A319-112
N739GB,BOEING,737-7H4
N740EV,BOMBARDIER INC,CL-600-2C10
N740SW,BOEING,737-7H4
N740UW,AIRBUS INDUSTRIE,A319-112
N741EV,BOMBARDIER INC,CL-600-2C10
N741SA,BOEING,737-7H4
N741UW,AIRBUS INDUSTRIE,A319-112
N742PS,AIRBUS INDUSTRIE,A319-112
N742SW,BOEING,737-7H4
N743SW,BOEING,737-7H4
N744EV,BOMBARDIER INC,CL-600-2C10
N744P,AIRBUS INDUSTRIE,A319-112
N744SW,BOEING,737-7H4
N745AA,PIPER,PA-32-300
N745SK,BOMBARDIER INC,CL-600-2C10
N745SW,BOEING,737-7H4
N745VJ,AIRBUS INDUSTRIE,A319-112
N746JB,AIRBUS,A320-232
N746SW,BOEING,737-7H4
N746UW,AIRBUS INDUSTRIE,A319-112
N747SA,BOEING,737-7H4
N747UW,AIRBUS INDUSTRIE,A319-112
N74856,BOEING,757-324
N748EV,BOMBARDIER INC,CL-600-2C10
N748SW,BOEING,737-7H4
N748UW,AIRBUS INDUSTRIE,A319-112
N749SW,BOEING,737-7H4
N749US,AIRBUS INDUSTRIE,A319-112
N750AA,RICHARD DOUGLAS KLUGOW,Z750
N750EV,BOMBARDIER INC,CL-600-2C10
N750SA,BOEING,737-7H4
N750UW,AIRBUS INDUSTRIE,A319-112
N751AA,CESSNA,750
N751EV,BOMBARDIER INC,CL-600-2C10
N751SW,BOEING,737-7H4
N751UW,AIRBUS INDUSTRIE,A319-112
N752EV,BOMBARDIER INC,CL-600-2C10
N752SW,BOEING,737-7H4
N752US,AIRBUS INDUSTRIE,A319-112
N753EV,BOMBARDIER INC,CL-600-2C10
N753US,AIRBUS INDUSTRIE,A319-112
N75425,BOEING,737-924ER
N75426,BOEING,737-924ER
N75428,BOEING,737-924ER
N75429,BOEING,737-924ER
N75432,BOEING,737-924ER
N75433,BOEING,737-924ER
N75436,BOEING,737-924ER
N754EV,BOMBARDIER INC,CL-600-2C10
N754SW,BOEING,737-7H4
N754UW,AIRBUS INDUSTRIE,A319-112
N755EV,BOMBARDIER INC,CL-600-2C10
N755SA,BOEING,737-7H4
N755US,AIRBUS INDUSTRIE,A319-112
N756AA,BEECH,35-33
N756SA,BOEING,737-7H4
N756US,AIRBUS INDUSTRIE,A319-112
N757AA,CESSNA,152
N757LV,BOEING,737-7H4
N757UW,AIRBUS INDUSTRIE,A319-112
N75851,BOEING,757-324
N75853,BOEING,757-324
N75854,BOEING,757-324
N75858,BOEING,757-324
N75861,BOEING,757-33N
N758AA,CESSNA,R172K
N758EV,BOMBARDIER INC,CL-600-2C10
N758SW,BOEING,737-7H4
N758US,AIRBUS INDUSTRIE,A319-112
N759EV,BOMBARDIER INC,CL-600-2C10
N759GS,BOEING,737-7H4
N760EV,BOMBARDIER INC,CL-600-2C10
N760JB,AIRBUS,A320-232
N760SW,BOEING,737-7H4
N760US,AIRBUS INDUSTRIE,A319-112
N761ND,BOMBARDIER INC,CL-600-2C10
N761RR,BOEING,737-7H4
N76254,BOEING,737-824
N76265,BOEING,737-824
N76269,BOEING,737-824
N76288,BOEING,737-824
N762AA,BEECH,M35
N762SW,BOEING,737-7H4
N762US,AIRBUS INDUSTRIE,A319-112
N763JB,AIRBUS,A320-232
N763SW,BOEING,737-7H4
N763US,AIRBUS INDUSTRIE,A319-112
N764AA,CESSNA,172M
N764SW,BOEING,737-7H4
N764US,AIRBUS INDUSTRIE,A319-112
N76502,BOEING,737-824
N76503,BOEING,737-824
N76504,BOEING,737-824
N76505,BOEING,737-824
N76508,BOEING,737-824
N76514,BOEING,737-824
N76515,BOEING,737-824
N76516,BOEING,737-824
N76517,BOEING,737-824
N76519,BOEING,737-824
N76522,BOEING,737-824
N76523,BOEING,737-824
N76526,BOEING,737-824
N76528,BOEING,737-824
N76529,BOEING,737-824
N76532,BOEING,737-824
N76533,BOEING,737-824
N765AA,BEECH,35-33
N765SW,BOEING,737-7H4
N765US,AIRBUS INDUSTRIE,A319-112
N766JB,AIRBUS,A320-232
N766SW,BOEING,737-7H4
N766US,AIRBUS INDUSTRIE,A319-112
N767AA,HENDERSON THOMAS F,VANS RV-8
N767SW,BOEING,737-7H4
N767UW,AIRBUS INDUSTRIE,A319-112
N768AA,BOEING,777-223
N768JB,AIRBUS,A320-232
N768SW,BOEING,737-7H4
N768US,AIRBUS INDUSTRIE,A319-112
N769SW,BOEING,737-7H4
N769US,AIRBUS INDUSTRIE,A319-112
N7701B,BOEING,737-76N
N7702A,BOEING,737-7BD
N7703A,BOEING,737-76N
N7704B,BOEING,737-7BD
N7705A,BOEING,737-76N
N7706A,BOEING,737-76N
N7707C,BOEING,737-76N
N7708E,BOEING,737-76N
N7709A,BOEING,737-76N
N770AA,BEECH,A36
N770SA,BOEING,737-7H4
N770UW,AIRBUS INDUSTRIE,A319-112
N7710A,BOEING,737-76N
N7711N,BOEING,737-76N
N7712G,BOEING,737-76N
N7713A,BOEING,737-7BD
N7714B,BOEING,737-76N
N7715E,BOEING,737-7BD
N7716A,BOEING,737-76N
N7717D,BOEING,737-76N
N7718B,BOEING,737-76N
N7719A,BOEING,737-76N
N771SA,BOEING,737-7H4
N7720F,BOEING,737-7BD
N7721E,BOEING,737-7BD
N7722B,BOEING,737-76N
N7723E,BOEING,737-76N
N7724A,BOEING,737-7BD
N77258,BOEING,737-824
N7725A,BOEING,737-76N
N77261,BOEING,737-824
N7726A,BOEING,737-7BD
N7727A,BOEING,737-76N
N7728D,BOEING,737-7BD
N7729A,BOEING,737-76N
N772SW,BOEING,737-7H4
N7730A,BOEING,737-7BD
N7731A,BOEING,737-76N
N7732A,BOEING,737-7BD
N7733B,BOEING,737-76N
N7734H,BOEING,737-7BD
N7735A,BOEING,737-7BD
N7736A,BOEING,737-7BD
N7737E,BOEING,737-7BD
N7738A,BOEING,737-7BD
N7739A,BOEING,737-7BD
N773SA,BOEING,737-7H4
N7740A,BOEING,737-7BD
N7741C,BOEING,737-7BD
N7742B,BOEING,737-7BD
N77430,BOEING,737-924ER
N77431,BOEING,737-924ER
N7743B,BOEING,737-7BD
N7744A,BOEING,737-7BD
N7745A,BOEING,737-7BD
N7746C,BOEING,737-7BD
N7747C,BOEING,737-7BD
N7748A,BOEING,737-7BD
N7749B,BOEING,737-7BD
N774SW,BOEING,737-7H4
N7750A,BOEING,737-7BD
N77510,BOEING,737-824
N77518,BOEING,737-824
N7751A,BOEING,737-7BD
N77520,BOEING,737-824
N77525,BOEING,737-824
N7752B,BOEING,737-7BD
N77530,BOEING,737-824
N77535,BOEING,737-824
N77536,BOEING,737-824
N77537,BOEING,737-800
N77538,BOEING,737-800
N775JB,AIRBUS,A320-232
N775SW,BOEING,737-7H4
N776WN,BOEING,737-7H4
N777QC,BOEING,737-7H4
N77865,BOEING,757-33N
N77867,BOEING,757-33N
N77871,BOEING,757-33N
N778SW,BOEING,737-7H4
N779JB,AIRBUS,A320-232
N779SW,BOEING,737-7H4
N780SW,BOEING,737-7H4
N7811F,BOEING,737-76N
N7812G,BOEING,737-76N
N7813P,BOEING,737-7K9
N7814B,BOEING,737-7K9
N7815L,BOEING,737-76Q
N7816B,BOEING,737-7L9
N7817J,BOEING,737-7L9
N7818L,BOEING,737-76N
N7819A,BOEING,737-7Q8
N781WN,BOEING,737-7H4
N7820L,BOEING,737-79P
N7821L,BOEING,737-7CT
N7822A,BOEING,737-76N
N7823A,BOEING,737-7CT
N7824A,BOEING,737-7BK
N7825A,BOEING,737-7CT
N7826B,BOEING,737-79P
N7827A,BOEING,737-79P
N78285,BOEING,737-824
N7828A,BOEING,737-7CT
N7829B,BOEING,737-7CT
N782SA,BOEING,737-7H4
N7830A,BOEING,737-7L9
N7831B,BOEING,737-7CT
N7832A,BOEING,737-79P
N7833A,BOEING,737-79P
N7834A,BOEING,737-752
N7835A,BOEING,737-752
N7836A,BOEING,737-7L9
N7837A,BOEING,737-752
N7838A,BOEING,737-73V
N7839A,BOEING,737-73V
N783SW,BOEING,737-7H4
N7840A,BOEING,737-73V
N7841A,BOEING,737-7L9
N7842A,BOEING,737-73V
N78438,BOEING,737-924ER
N7843A,BOEING,737-752
N7844A,BOEING,737-752
N7845A,BOEING,737-71B
N7846A,BOEING,737-76N
N7847A,BOEING,737-752
N7848A,BOEING,737-752
N7849A,BOEING,737-71B
N784JB,AIRBUS,A320-232
N784SW,BOEING,737-7H4
N78501,BOEING,737-824
N78506,BOEING,737-824
N78509,BOEING,737-824
N7850B,BOEING,737-7Q8
N78511,BOEING,737-824
N7851A,BOEING,737-7Q8
N78524,BOEING,737-824
N7852A,BOEING,737-71B
N7853B,BOEING,737-7Q8
N7854B,BOEING,737-71B
N7855A,BOEING,737-79P
N7856A,BOEING,737-7Q8
N7857B,BOEING,737-79P
N7858A,BOEING,737-79P
N785SW,BOEING,737-7H4
N786SW,BOEING,737-7H4
N7873A,BOEING,737-7Q8
N7874B,BOEING,737-7Q8
N7875A,BOEING,737-7Q8
N7876A,BOEING,737-7Q8
N7877H,BOEING,737-7Q8
N7878A,BOEING,737-7K9
N7879A,BOEING,737-7K9
N787SA,BOEING,737-7H4
N7880D,BOEING,737-7K5
N7881A,BOEING,737-7CT
N7882B,BOEING,737-76Q
N7883A,BOEING,737-76Q
N7884G,BOEING,737-76N
N7885A,BOEING,737-76N
N78866,BOEING,757-33N
N788SA,BOEING,737-7H4
N789JB,AIRBUS,A320-232
N789SW,BOEING,737-7H4
N790SW,BOEING,737-7H4
N791SW,BOEING,737-7H4
N79279,BOEING,737-824
N792SW,BOEING,737-7H4
N793JB,AIRBUS,A320-232
N793SA,BOEING,737-7H4
N794JB,AIRBUS,A320-232
N794SW,BOEING,737-7H4
N79521,BOEING,737-824
N795SW,BOEING,737-7H4
N796JB,AIRBUS,A320-232
N796SW,BOEING,737-7H4
N797MX,BOEING,737-7H4
N798SW,BOEING,737-7AD
N799SW,BOEING,737-7Q8
N801AA,PIPER,PA-31-350
N801AW,AIRBUS INDUSTRIE,A319-132
N801DZ,BOEING,737-932ER
N801UA,AIRBUS INDUSTRIE,A319-131
N802AA,CESSNA,208B
N802AW,AIRBUS INDUSTRIE,A319-132
N802DN,BOEING,737-932ER
N802UA,AIRBUS INDUSTRIE,A319-131
N803AA,AIR TRACTOR INC,AT-802A
N803AW,AIRBUS INDUSTRIE,A319-132
N803DN,BOEING,737-932ER
N803UA,AIRBUS INDUSTRIE,A319-131
N804AA,AIR TRACTOR INC,AT-802
N804AW,AIRBUS INDUSTRIE,A319-132
N804DN,BOEING,737-932ER
N804JB,AIRBUS,A320-232
N804UA,AIRBUS INDUSTRIE,A319-131
N805AW,AIRBUS INDUSTRIE,A319-132
N805DN,BOEING,737-932ER
N805JB,AIRBUS,A320-232
N805UA,AIRBUS INDUSTRIE,A319-131
N806AA,BOEING,787-8
N806AW,AIRBUS INDUSTRIE,A319-132
N806DN,BOEING,737-932ER
N806JB,AIRBUS,A320-232
N806UA,AIRBUS INDUSTRIE,A319-131
N807AA,BOEING,787-8
N807AW,AIRBUS INDUSTRIE,A319-132
N807DN,BOEING,737-932ER
N807JB,AIRBUS,A320-232
N807UA,AIRBUS INDUSTRIE,A319-131
N808AW,AIRBUS INDUSTRIE,A319-132
N808DN,BOEING,737-932ER
N808UA,AIRBUS INDUSTRIE,A319-131
N809AA,BOEING,787-8
N809AW,AIRBUS INDUSTRIE,A319-132
N809DN,BOEING,737-932ER
N809JB,AIRBUS,A320-232
N809UA,AIRBUS INDUSTRIE,A319-131
N810AW,AIRBUS INDUSTRIE,A319-132
N810DN,BOEING,737-932ER
N810UA,AIRBUS INDUSTRIE,A319-131
N811DZ,BOEING,737-932ER
N811UA,AIRBUS INDUSTRIE,A319-131
N812AA,BOEING,787-8
N812AW,AIRBUS INDUSTRIE,A319-132
N812DN,BOEING,737-932ER
N812UA,AIRBUS INDUSTRIE,A319-131
N813AW,AIRBUS INDUSTRIE,A319-132
N813DN,BOEING,737-932ER
N813UA,AIRBUS INDUSTRIE,A319-131
N81449,BOEING,737-924ER
N814AA,BOEING,787-8
N814AW,AIRBUS INDUSTRIE,A319-132
N814DN,BOEING,737-932ER
N814UA,AIRBUS INDUSTRIE,A319-131
N815AA,BOEING,787-8
N815AW,AIRBUS INDUSTRIE,A319-132
N815DN,BOEING,737-932ER
N815UA,AIRBUS INDUSTRIE,A319-131
N816AA,BOEING,787-8
N816AW,AIRBUS INDUSTRIE,A319-132
N816DN,BOEING,737-932ER
N816UA,AIRBUS INDUSTRIE,A319-131
N817AW,AIRBUS INDUSTRIE,A319-132
N817DN,BOEING,737-932ER
N817UA,AIRBUS INDUSTRIE,A319-131
N818AW,AIRBUS INDUSTRIE,A319-132
N818DA,BOEING,737-932ER
N818UA,AIRBUS INDUSTRIE,A319-131
N819AW,AIRBUS INDUSTRIE,A319-132
N819DN,BOEING,737-932ER
N819UA,AIRBUS INDUSTRIE,A319-131
N820AW,AIRBUS INDUSTRIE,A319-132
N820DN,BOEING,737-932ER
N820UA,AIRBUS INDUSTRIE,A319-131
N821AW,AIRBUS INDUSTRIE,A319-132
N821DN,BOEING,737-932ER
N821JB,AIRBUS,A320-232
N821UA,AIRBUS INDUSTRIE,A319-131
N822AA,DASSAULT/SUD,FAN JET FALCON
N822AW,AIRBUS INDUSTRIE,A319-132
N822DN,BOEING,737-932ER
N822DX,BOEING,757-26D
N822UA,AIRBUS INDUSTRIE,A319-131
N823AW,AIRBUS INDUSTRIE,A319-132
N823DN,BOEING,737-932ER
N823UA,AIRBUS INDUSTRIE,A319-131
N824AA,MOONEY AIRCRAFT CORP.,M20K
N824AW,AIRBUS INDUSTRIE,A319-132
N824DN,BOEING,737-932ER
N824UA,AIRBUS INDUSTRIE,A319-131
N825AA,BOEING,787-9
N825AW,AIRBUS INDUSTRIE,A319-132
N825DN,BOEING,737-932ER
N825UA,AIRBUS INDUSTRIE,A319-131
N826AA,DASSAULT AVIATION,MYSTERE FALCON 20
N826AW,AIRBUS INDUSTRIE,A319-132
N826DN,BOEING,737-932ER
N826UA,AIRBUS INDUSTRIE,A319-131
N827AA,DASSAULT/SUD,FAN JET FALCON
N827AW,AIRBUS INDUSTRIE,A319-132
N827DN,BOEING,737-932ER
N827JB,AIRBUS,A320-232
N827UA,AIRBUS INDUSTRIE,A319-131
N828AA,BOEING,787-9
N828AW,AIRBUS INDUSTRIE,A319-132
N828DN,BOEING,737-932ER
N828UA,AIRBUS INDUSTRIE,A319-131
N829AW,AIRBUS INDUSTRIE,A319-132
N829DN,BOEING,737-932ER
N829UA,AIRBUS INDUSTRIE,A319-131
N8301J,BOEING,737-8H4
N8302F,BOEING,737-8H4
N8303R,BOEING,737-8H4
N8305E,BOEING,737-8H4
N8306H,BOEING,737-8H4
N8307K,BOEING,737-8H4
N8308K,BOEING,737-8H4
N8309C,BOEING,737-8H4
N830AW,AIRBUS INDUSTRIE,A319-132
N830DN,BOEING,737-932ER
N830UA,AIRBUS INDUSTRIE,A319-131
N8310C,BOEING,737-8H4
N8311Q,BOEING,737-8H4
N8312C,BOEING,737-8H4
N8313F,BOEING,737-8H4
N8314L,BOEING,737-8H4
N8315C,BOEING,737-8H4
N8316H,BOEING,737-8H4
N8317M,BOEING,737-8H4
N8318F,BOEING,737-8H4
N8319F,BOEING,737-8H4
N831AA,BOEING,787-9
N831AW,AIRBUS INDUSTRIE,A319-132
N831DN,BOEING,737-932ER
N831UA,AIRBUS INDUSTRIE,A319-131
N8320J,BOEING,737-8H4
N8321D,BOEING,737-8H4
N8322X,BOEING,737-8H4
N8323C,BOEING,737-8H4
N8324A,BOEING,737-8H4
N8325D,BOEING,737-8H4
N8327A,BOEING,737-8H4
N8328A,BOEING,737-8H4
N8329B,BOEING,737-8H4
N832AA,BOEING,787-9
N832AW,AIRBUS INDUSTRIE,A319-132
N832DN,BOEING,737-932ER
N832UA,AIRBUS INDUSTRIE,A319-131
N833AA,BOEING,787-9
N833AW,AIRBUS,A319-132
N833DN,BOEING,737-932ER
N833UA,AIRBUS INDUSTRIE,A319-131
N834AW,AIRBUS,A319-132
N834DN,BOEING,737-932ER
N834JB,AIRBUS,A320-232
N834UA,AIRBUS INDUSTRIE,A319-131
N835AA,GULFSTREAM AEROSPACE,G-IV
N835AW,AIRBUS,A319-132
N835DN,BOEING,737-932ER
N835UA,AIRBUS INDUSTRIE,A319-131
N835VA,AIRBUS,A320-214
N836AW,AIRBUS,A319-132
N836DN,BOEING,737-932ER
N836UA,AIRBUS INDUSTRIE,A319-131
N836VA,AIRBUS,A320-214
N837AW,AIRBUS,A319-132
N837DN,BOEING,737-932ER
N837UA,AIRBUS INDUSTRIE,A319-131
N837VA,AIRBUS,A320-214
N838AW,AIRBUS,A319-132
N838DN,BOEING,737-932ER
N838UA,AIRBUS INDUSTRIE,A319-131
N839AW,AIRBUS,A319-132
N839DN,BOEING,737-932ER
N839UA,AIRBUS INDUSTRIE,A319-131
N839VA,AIRBUS,A320-214
N840AA,CESSNA,560
N840AW,AIRBUS,A319-132
N840DN,BOEING,737-932ER
N840UA,AIRBUS INDUSTRIE,A319-131
N840VA,AIRBUS,A320-214
N841DN,BOEING,737-932ER
N841UA,AIRBUS INDUSTRIE,A319-131
N841VA,AIRBUS,A320-214
N842DN,BOEING,737-932ER
N842UA,AIRBUS INDUSTRIE,A319-131
N842VA,AIRBUS,A320-214
N843DN,BOEING,737-932ER
N843UA,AIRBUS INDUSTRIE,A319-131
N844AS,BOMBARDIER INC,CL-600-2B19
N844DN,BOEING,737-932ER
N844UA,AIRBUS INDUSTRIE,A319-131
N844VA,AIRBUS,A320-214
N845DN,BOEING,737-932ER
N845UA,AIRBUS INDUSTRIE,A319-131
N845VA,AIRBUS,A320-214
N846DN,BOEING,737-932ER
N846UA,AIRBUS INDUSTRIE,A319-131
N846VA,AIRBUS,A320-214
N847AS,BOMBARDIER INC,CL-600-2B19
N847DN,BOEING,737-932ER
N847UA,AIRBUS INDUSTRIE,A319-131
N847VA,AIRBUS,A320-214
N848AS,BOMBARDIER INC,CL-600-2B19
N848DN,BOEING,737-932ER
N848UA,AIRBUS INDUSTRIE,A319-131
N848VA,AIRBUS,A320-214
N849AS,BOMBARDIER INC,CL-600-2B19
N849DN,BOEING,737-932ER
N849UA,AIRBUS INDUSTRIE,A319-131
N849VA,AIRBUS,A320-214
N8501V,BOEING,737-800
N8502Z,BOEING,737-800
N8503A,BOEING,737-800
N8504G,BOEING,737-800
N8507C,BOEING,737-800
N8508W,BOEING,737-800
N8509U,BOEING,737-800
N850AA,SOCATA,TBM 700
N850AS,BOMBARDIER INC,CL-600-2B19
N850DN,BOEING,737-932ER
N850UA,AIRBUS INDUSTRIE,A319-131
N8510E,BOEING,737-800
N8511K,BOEING,737-800
N8513F,BOEING,737-800
N8515X,BOEING,737-800
N8517F,BOEING,737-800
N8518R,BOEING,737-800
N8519R,BOEING,737-800
N851AS,BOMBARDIER INC,CL-600-2B19
N851DN,BOEING,737-932ER
N851UA,AIRBUS,A319-131
N851VA,AIRBUS,A320-214
N8520Q,BOEING,737-800
N8522P,BOEING,737-800
N8523W,BOEING,737-800
N8524Z,BOEING,737-800
N8525S,BOEING,737-800
N852AS,BOMBARDIER INC,CL-600-2B19
N852DN,BOEING,737-932ER
N852UA,AIRBUS,A319-131
N852VA,AIRBUS,A320-214
N8533S,BOEING,737-800
N8534Z,BOEING,737-800
N8536Z,BOEING,737-800
N8538V,BOEING,737-800
N8539V,BOEING,737-800
N853AS,BOMBARDIER INC,CL-600-2B19
N853DN,BOEING,737-932ER
N853UA,AIRBUS,A319-131
N853VA,AIRBUS,A320-214
N8541W,BOEING,737-800
N8543Z,BOEING,737-800
N854AA,BOEING,727-223
N854AS,BOMBARDIER INC,CL-600-2B19
N854DN,BOEING,737-932ER
N854UA,AIRBUS,A319-131
N854VA,AIRBUS,A320-214
N855AS,BOMBARDIER INC,CL-600-2B19
N855DN,BOEING,737-932ER
N855UA,AIRBUS,A319-131
N855VA,AIRBUS,A320-214
N856AS,BOMBARDIER INC,CL-600-2B19
N856DN,BOEING,737-932ER
N857AA,CESSNA,550
N857AS,BOMBARDIER INC,CL-600-2B19
N857DZ,BOEING,737-932ER
N858AS,BOMBARDIER INC,CL-600-2B19
N858DZ,BOEING,737-932ER
N859AS,BOMBARDIER INC,CL-600-2B19
N859DN,BOEING,737-932ER
N8600F,BOEING,737-8H4
N8601C,BOEING,737-8H4
N8602F,BOEING,737-8H4
N8603F,BOEING,737-8H4
N8604K,BOEING,737-8H4
N8605E,BOEING,737-8H4
N8606C,BOEING,737-8H4
N8607M,BOEING,737-8H4
N8608N,BOEING,737-8H4
N8609A,BOEING,737-8H4
N860AA,GULFSTREAM AEROSPACE,GV-SP (G550)
N860AS,BOMBARDIER INC,CL-600-2B19
N860DN,BOEING,737-932ER
N8610A,BOEING,737-8H4
N8611F,BOEING,737-8H4
N8612K,BOEING,737-8H4
N8613K,BOEING,737-8H4
N8614M,BOEING,737-8H4
N8615E,BOEING,737-8H4
N8616C,BOEING,737-8H4
N8617E,BOEING,737-8H4
N8618N,BOEING,737-8H4
N8619F,BOEING,737-8H4
N861AS,BOMBARDIER INC,CL-600-2B19
N861DN,BOEING,737-932ER
N8620H,BOEING,737-8H4
N8621A,BOEING,737-8H4
N8622A,BOEING,737-8H4
N8623F,BOEING,737-8H4
N8624J,BOEING,737-8H4
N8625A,BOEING,737-8H4
N8626B,BOEING,737-8H4
N8627B,BOEING,737-8H4
N8628A,BOEING,737-8H4
N862DN,BOEING,737-932ER
N8630B,BOEING,737-8H4
N8631A,BOEING,737-8H4
N8632A,BOEING,737-8H4
N8633A,BOEING,737-8H4
N8634A,BOEING,737-8H4
N8635F,BOEING,737-8H4
N8637A,BOEING,737-8H4
N8638A,BOEING,737-8H4
N8639B,BOEING,737-8H4
N863DN,BOEING,737-932ER
N8640D,BOEING,737-8H4
N8641B,BOEING,737-8H4
N8642E,BOEING,737-8H4
N8643A,BOEING,737-8H4
N8644C,BOEING,737-8H4
N8645A,BOEING,737-8H4
N8646B,BOEING,737-8H4
N8647A,BOEING,737-8H4
N8648A,BOEING,737-8H4
N8649A,BOEING,737-8H4
N864DN,BOEING,737-932ER
N8650F,BOEING,737-8H4
N8651A,BOEING,737-8H4
N8652B,BOEING,737-8H4
N86534,BOEING,737-824
N8653A,BOEING,737-8H4
N8654B,BOEING,737-8H4
N8655D,BOEING,737-8H4
N8656B,BOEING,737-8H4
N8658A,BOEING,737-8H4
N8659D,BOEING,737-8H4
N865AA,GULFSTREAM AEROSPACE,G1159B
N865DN,BOEING,737-932ER
N8660A,BOEING,737-8H4
N8661A,BOEING,737-8H4
N8662F,BOEING,737-8H4
N8663A,BOEING,737-8H4
N8664J,BOEING,737-8H4
N8665D,BOEING,737-8H4
N8667D,BOEING,737-8H4
N8668A,BOEING,737-8H4
N8669B,BOEING,737-8H4
N866AA,BOEING,727-223
N866DN,BOEING,737-900ER
N8670A,BOEING,737-8H4
N8671D,BOEING,737-8H4
N8672F,BOEING,737-8H4
N8673F,BOEING,737-8H4
N8674B,BOEING,737-8H4
N8675A,BOEING,737-8H4
N8676A,BOEING,737-8H4
N8677A,BOEING,737-8H4
N8678E,BOEING,737-8H4
N8679A,BOEING,737-8H4
N867AS,BOMBARDIER INC,CL-600-2B19
N867DN,BOEING,737-900ER
N8680C,BOEING,737-8H4
N8681M,BOEING,737-8H4
N8682B,BOEING,737-8H4
N8683D,BOEING,737-8H4
N8684F,BOEING,737-8H4
N8685B,BOEING,737-8H4
N8686A,BOEING,737-8H4
N8687A,BOEING,737-8H4
N8688J,BOEING,737-8H4
N868AS,BOMBARDIER INC,CL-600-2B19
N868DN,BOEING,737-900ER
N8690A,BOEING,737-8H4
N8691A,BOEING,737-8H4
N8692F,BOEING,737-8H4
N8693A,BOEING,737-8H4
N8694E,BOEING,737-8H4
N8695D,BOEING,737-8H4
N8696E,BOEING,737-8H4
N8697C,BOEING,737-8H4
N8698B,BOEING,737-8H4
N8699A,BOEING,737-8H4
N869DN,BOEING,737-900ER
N870AS,BOMBARDIER INC,CL-600-2B19
N870DN,BOEING,737-900ER
N871AS,BOMBARDIER INC,CL-600-2B19
N871DN,BOEING,737-900ER
N872DN,BOEING,737-900ER
N873AS,BOMBARDIER INC,CL-600-2B19
N873DN,BOEING,737-900ER
N874AA,BOEING,727-223
N874DN,BOEING,737-900ER
N87507,BOEING,737-824
N87512,BOEING,737-824
N87513,BOEING,737-824
N87527,BOEING,737-824
N87531,BOEING,737-824
N875DN,BOEING,737-900ER
N876DN,BOEING,737-900ER
N877DN,BOEING,737-900ER
N878AS,BOMBARDIER INC,CL-600-2B19
N879DN,BOEING,737-900ER
N880AA,DJI,PHANTOM 3 PROFESSION
N880DN,BOEING,737-900ER
N881AA,RAYTHEON AIRCRAFT COMPANY,390
N881AS,BOMBARDIER INC,CL-600-2B19
N881DN,BOEING,737-900ER
N882AA,RAYTHEON AIRCRAFT COMPANY,390
N882AS,BOMBARDIER INC,CL-600-2B19
N883AS,BOMBARDIER INC,CL-600-2B19
N884AS,BOMBARDIER INC,CL-600-2B19
N885AA,EXTRA FLUGZEUGBAU GMBH,EA-400
N888AA,PILATUS AIRCRAFT LTD,PC-12/47E
N889UA,AIRBUS,A319-132
N890UA,AIRBUS,A319-132
N891AA,BEECH,C90A
N891AT,BOEING,717-200
N891UA,AIRBUS,A319-132
N892AT,BOEING,717-200
N892UA,AIRBUS,A319-132
N893AT,BOEING,717-200
N893UA,AIRBUS,A319-132
N894AT,BOEING,717-200
N894UA,AIRBUS,A319-132
N895AT,BOEING,717-200
N895UA,AIRBUS,A319-132
N896AT,BOEING,717-200
N899AT,BOEING,717-200
N900DE,MCDONNELL DOUGLAS CORPORATION,MD-88
N900EV,BOMBARDIER INC,CL-600-2B19
N900WN,BOEING,737-7H4
N901AA,AIRBUS,A321-231
N901DA,MCDONNELL DOUGLAS,MD-90-30
N901DE,MCDONNELL DOUGLAS CORPORATION,MD-88
N901NK,AIRBUS,A320-271N
N901WN,BOEING,737-7H4
N902AA,AIRBUS,A321-231
N902DA,MCDONNELL DOUGLAS,MD-90-30
N902DE,MCDONNELL DOUGLAS CORPORATION,MD-88
N902FR,AIRBUS INDUSTRIE,A319-112
N902NK,AIRBUS,A320-271N
N902WN,BOEING,737-7H4
N903AA,AIRBUS,A321-231
N903DA,MCDONNELL DOUGLAS,MD-90-30
N903DE,MCDONNELL DOUGLAS CORPORATION,MD-88
N903NK,AIRBUS,A320-271N
N903WN,BOEING,737-7H4
N904AA,AIRBUS,A321-231
N904DA,MCDONNELL DOUGLAS,MD-90-30
N904DE,MCDONNELL DOUGLAS CORPORATION,MD-88
N904DL,MCDONNELL DOUGLAS AIRCRAFT CO,MD-88
N904NK,AIRBUS,A320-271N
N904WN,BOEING,737-7H4
N905AA,BEECH,58TC
N905DA,MCDONNELL DOUGLAS,MD-90-30
N905DE,MCDONNELL DOUGLAS CORPORATION,MD-88
N905DL,MCDONNELL DOUGLAS AIRCRAFT CO,MD-88
N905NK,AIRBUS,A320-271N
N905WN,BOEING,737-7H4
N906AA,AIRBUS,A321-231
N906AT,BOEING,717-200
N906DA,MCDONNELL DOUGLAS,MD-90-30
N906DE,MCDONNELL DOUGLAS CORPORATION,MD-88
N906DL,MCDONNELL DOUGLAS AIRCRAFT CO,MD-88
N906WN,BOEING,737-7H4
N907AA,AIRBUS,A321-231
N907DA,MCDONNELL DOUGLAS,MD-90-30
N907DE,MCDONNELL DOUGLAS CORPORATION,MD-88
N907DL,MCDONNELL DOUGLAS AIRCRAFT CO,MD-88
N907WN,BOEING,737-7H4
N908AA,AIRBUS,A321-231
N908DA,MCDONNELL DOUGLAS,MD-90-30
N908DE,MCDONNELL DOUGLAS CORPORATION,MD-88
N908DL,MCDONNELL DOUGLAS AIRCRAFT CO,MD-88
N908WN,BOEING,737-7H4
N909DA,MCDONNELL DOUGLAS,MD-90-30
N909DE,MCDONNELL DOUGLAS CORPORATION,MD-88
N909WN,BOEING,737-7H4
N910AT,BOEING,717-200
N910DE,MCDONNELL DOUGLAS CORPORATION,MD-88
N910DL,MCDONNELL DOUGLAS AIRCRAFT CO,MD-88
N910DN,MCDONNELL DOUGLAS,MD-90-30
N910FR,AIRBUS,A319-112
N910WN,BOEING,737-7H4
N911DA,MCDONNELL DOUGLAS,MD-90-30
N911DE,MCDONNELL DOUGLAS AIRCRAFT CO,MD-88
N911DL,MCDONNELL DOUGLAS AIRCRAFT CO,MD-88
N912DE,MCDONNELL DOUGLAS AIRCRAFT CO,MD-88
N912DL,MCDONNELL DOUGLAS AIRCRAFT CO,MD-88
N912DN,MCDONNELL DOUGLAS,MD-90-30
N912UY,AIRBUS,A321-231
N912WN,BOEING,737-7H4
N913DE,MCDONNELL DOUGLAS AIRCRAFT CO,MD-88
N913DL,MCDONNELL DOUGLAS AIRCRAFT CO,MD-88
N913DN,MCDONNELL DOUGLAS,MD-90-30
N913US,AIRBUS,A321-231
N913WN,BOEING,737-7H4
N914DE,MCDONNELL DOUGLAS AIRCRAFT CO,MD-88
N914DL,MCDONNELL DOUGLAS AIRCRAFT CO,MD-88
N914DN,MCDONNELL DOUGLAS,MD-90-30
N914EV,BOMBARDIER INC,CL-600-2B19
N914UY,AIRBUS,A321-231
N914WN,BOEING,737-7H4
N915AA,CESSNA,152
N915AT,BOEING,717-200
N915DE,MCDONNELL DOUGLAS AIRCRAFT CO,MD-88
N915DL,MCDONNELL DOUGLAS AIRCRAFT CO,MD-88
N915DN,MCDONNELL DOUGLAS,MD-90-30
N915US,AIRBUS,A321-231
N915WN,BOEING,737-7H4
N916DE,MCDONNELL DOUGLAS AIRCRAFT CO,MD-88
N916DL,MCDONNELL DOUGLAS AIRCRAFT CO,MD-88
N916DN,MCDONNELL DOUGLAS,MD-90-30
N916EV,BOMBARDIER INC,CL-600-2B19
N916US,AIRBUS,A321-231
N916WN,BOEING,737-7H4
N917AA,DRLIK ROMUALD,FALCON 2
N917DE,MCDONNELL DOUGLAS AIRCRAFT CO,MD-88
N917DL,MCDONNELL DOUGLAS AIRCRAFT CO,MD-88
N917DN,MCDONNELL DOUGLAS,MD-90-30
N917EV,BOMBARDIER INC,CL-600-2B19
N917UY,AIRBUS,A321-231
N917WN,BOEING,737-7H4
N918DE,MCDONNELL DOUGLAS AIRCRAFT CO,MD-88
N918DH,MCDONNELL DOUGLAS,MD-90-30
N918DL,MCDONNELL DOUGLAS AIRCRAFT CO,MD-88
N918US,AIRBUS,A321-231
N918WN,BOEING,737-7H4
N919AA,ANTARES,M-33
N919AT,BOEING,717-200
N919DE,MCDONNELL DOUGLAS AIRCRAFT CO,MD-88
N919DL,MCDONNELL DOUGLAS AIRCRAFT CO,MD-88
N919DN,MCDONNELL DOUGLAS,MD-90-30
N919EV,BOMBARDIER INC,CL-600-2B19
N919FR,AIRBUS,A319-111
N919US,AIRBUS,A321-231
N919WN,BOEING,737-7H4
N920AA,PARTENAVIA S.P.A.,P68B
N920AT,BOEING,717-200
N920DE,MCDONNELL DOUGLAS AIRCRAFT CO,MD-88
N920DL,MCDONNELL DOUGLAS AIRCRAFT CO,MD-88
N920DN,MCDONNELL DOUGLAS,MD-90-30
N920EV,BOMBARDIER INC,CL-600-2B19
N920FR,AIRBUS,A319-111
N920US,AIRBUS,A321-231
N920WN,BOEING,737-7H4
N921AT,BOEING,717-200
N921DL,MCDONNELL DOUGLAS AIRCRAFT CO,MD-88
N921DN,MCDONNELL DOUGLAS,MD-90-30
N921EV,BOMBARDIER INC,CL-600-2B19
N921US,AIRBUS,A321-231
N921WN,BOEING,737-7H4
N922AT,BOEING,717-200
N922DL,MCDONNELL DOUGLAS AIRCRAFT CO,MD-88
N922DX,MCDONNELL DOUGLAS,MD-90-30
N922EV,BOMBARDIER INC,CL-600-2B19
N922FR,AIRBUS,A319-111
N922US,AIRBUS,A321-231
N922WN,BOEING,737-7H4
N923AT,BOEING,717-200
N923DL,MCDONNELL DOUGLAS AIRCRAFT CO,MD-88
N923DN,BOEING,MD-90-30
N923EV,BOMBARDIER INC,CL-600-2B19
N923FR,AIRBUS,A319-111
N923US,AIRBUS,A321-231
N923WN,BOEING,737-7H4
N924AT,BOEING,717-200
N924DL,MCDONNELL DOUGLAS AIRCRAFT CO,MD-88
N924DN,BOEING,MD-90-30
N924EV,BOMBARDIER INC,CL-600-2B19
N924US,AIRBUS,A321-231
N924WN,BOEING,737-7H4
N925AT,BOEING,717-200
N925DL,MCDONNELL DOUGLAS AIRCRAFT CO,MD-88
N925DN,BOEING,MD-90-30
N925EV,BOMBARDIER INC,CL-600-2B19
N925UY,AIRBUS,A321-231
N925WN,BOEING,737-7H4
N926AT,BOEING,717-200
N926DH,BOEING,MD-90-30
N926DL,MCDONNELL DOUGLAS AIRCRAFT CO,MD-88
N926EV,BOMBARDIER INC,CL-600-2B19
N926FR,AIRBUS,A319-111
N926UW,AIRBUS,A321-231
N926WN,BOEING,737-7H4
N927AA,TEXTRON AVIATION INC,525
N927AT,BOEING,717-200
N927DA,MCDONNELL DOUGLAS AIRCRAFT CO,MD-88
N927DN,BOEING,MD-90-30
N927EV,BOMBARDIER INC,CL-600-2B19
N927FR,AIRBUS,A319-112
N927UW,AIRBUS,A321-231
N927WN,BOEING,737-7H4
N928AT,BOEING,717-200
N928DL,MCDONNELL DOUGLAS AIRCRAFT CO,MD-88
N928DN,BOEING,MD-90-30
N928WN,BOEING,737-7H4
N929AA,AIRBUS,A321-231
N929AT,BOEING,717-200
N929DL,MCDONNELL DOUGLAS AIRCRAFT CO,MD-88
N929DN,MCDONNELL DOUGLAS,MD-90-30
N929WN,BOEING,737-7H4
N930AA,BEECH,A36
N930AT,BOEING,717-200
N930DL,MCDONNELL DOUGLAS AIRCRAFT CO,MD-88
N930DN,MCDONNELL DOUGLAS,MD-90-30
N930WN,BOEING,737-7H4
N931DL,MCDONNELL DOUGLAS AIRCRAFT CO,MD-88
N931DN,MCDONNELL DOUGLAS,MD-90-30
N931EV,BOMBARDIER INC,CL-600-2B19
N931WN,BOEING,737-7H4
N932AT,BOEING,717-200
N932DL,MCDONNELL DOUGLAS AIRCRAFT CO,MD-88
N932DN,MCDONNELL DOUGLAS,MD-90-30
N932WN,BOEING,737-7H4
N933AT,BOEING,717-200
N933DL,MCDONNELL DOUGLAS AIRCRAFT CO,MD-88
N933DN,MCDONNELL DOUGLAS,MD-90-30
N933WN,BOEING,737-7H4
N934AA,AIRBUS,A321-231
N934AT,BOEING,717-200
N934DL,MCDONNELL DOUGLAS AIRCRAFT CO,MD-88
N934DN,MCDONNELL DOUGLAS,MD-90-30
N934WN,BOEING,737-7H4
N935AT,BOEING,717-200
N935DL,MCDONNELL DOUGLAS AIRCRAFT CO,MD-88
N935DN,MCDONNELL DOUGLAS,MD-90-30
N935WN,BOEING,737-7H4
N936AT,BOEING,717-200
N936DL,MCDONNELL DOUGLAS AIRCRAFT CO,MD-88
N936DN,MCDONNELL DOUGLAS,MD-90-30
N936EV,BOMBARDIER INC,CL-600-2B19
N936WN,BOEING,737-7H4
N937AT,BOEING,717-200
N937DL,MCDONNELL DOUGLAS AIRCRAFT CO,MD-88
N937DN,MCDONNELL DOUGLAS,MD-90-30
N937EV,BOMBARDIER INC,CL-600-2B19
N937WN,BOEING,737-7H4
N938AT,BOEING,717-200
N938DL,MCDONNELL DOUGLAS AIRCRAFT CO,MD-88
N938DN,MCDONNELL DOUGLAS,MD-90-30
N938FR,AIRBUS,A319-112
N938WN,BOEING,737-7H4
N939AT,BOEING,717-200
N939DL,MCDONNELL DOUGLAS AIRCRAFT CO,MD-88
N939DN,MCDONNELL DOUGLAS,MD-90-30
N939FR,AIRBUS,A319-112
N939WN,BOEING,737-7H4
N940AT,BOEING,717-200
N940DL,MCDONNELL DOUGLAS AIRCRAFT CO,MD-88
N940DN,MCDONNELL DOUGLAS,MD-90-30
N940WN,BOEING,737-7H4
N941DL,MCDONNELL DOUGLAS AIRCRAFT CO,MD-88
N941DN,MCDONNELL DOUGLAS,MD-90-30
N941FR,AIRBUS,A319-112
N941WN,BOEING,737-7H4
N942AT,BOEING,717-200
N942DL,MCDONNELL DOUGLAS AIRCRAFT CO,MD-88
N942DN,MCDONNELL DOUGLAS,MD-90-30
N942WN,BOEING,737-7H4
N943AT,BOEING,717-200
N943DL,MCDONNELL DOUGLAS AIRCRAFT CO,MD-88
N943DN,MCDONNELL DOUGLAS,MD-90-30
N943FR,AIRBUS,A319-112
N943WN,BOEING,737-7H4
N944AT,BOEING,717-200
N944DL,MCDONNELL DOUGLAS AIRCRAFT CO,MD-88
N944DN,MCDONNELL DOUGLAS,MD-90-30
N944UW,EMBRAER,ERJ 190-100 IGW
N944WN,BOEING,737-7H4
N945AT,BOEING,717-200
N945DL,MCDONNELL DOUGLAS AIRCRAFT CO,MD-88
N945DN,BOEING,MD-90-30
N945UW,EMBRAER,ERJ 190-100 IGW
N945WN,BOEING,737-7H4
N946AT,BOEING,717-200
N946DL,MCDONNELL DOUGLAS AIRCRAFT CO,MD-88
N946DN,MCDONNELL DOUGLAS,MD-90-30
N946UW,EMBRAER,ERJ 190-100 IGW
N946WN,BOEING,737-7H4
N947AT,BOEING,717-200
N947DL,MCDONNELL DOUGLAS AIRCRAFT CO,MD-88
N947DN,MCDONNELL DOUGLAS,MD-90-30
N947FR,AIRBUS,A319-111
N947UW,EMBRAER,ERJ 190-100 IGW
N947WN,BOEING,737-7H4
N948AT,BOEING,717-200
N948DL,MCDONNELL DOUGLAS AIRCRAFT CO,MD-88
N948DN,MCDONNELL DOUGLAS,MD-90-30
N948FR,AIRBUS,A319-112
N948UW,EMBRAER,ERJ 190-100 IGW
N948WN,BOEING,737-7H4
N949AT,BOEING,717-200
N949DL,MCDONNELL DOUGLAS AIRCRAFT CO,MD-88
N949DN,MCDONNELL DOUGLAS,MD-90-30
N949FR,AIRBUS,A319-112
N949UW,EMBRAER,ERJ 190-100 IGW
N949WN,BOEING,737-7H4
N950AA,BEECH,B-99
N950AT,BOEING,717-200
N950DL,MCDONNELL DOUGLAS AIRCRAFT CO,MD-88
N950DN,MCDONNELL DOUGLAS,MD-90-30
N950UW,EMBRAER,ERJ 190-100 IGW
N950WN,BOEING,737-7H4
N951AA,BOEING,737-823
N951AT,BOEING,717-200
N951DL,MCDONNELL DOUGLAS AIRCRAFT CO,MD-88
N951DN,MCDONNELL DOUGLAS,MD-90-30
N951FR,AIRBUS,A319-112
N951UW,EMBRAER,ERJ 190-100 IGW
N951WN,BOEING,737-7H4
N952AA,BOEING,737-823
N952AT,BOEING,717-200
N952DL,MCDONNELL DOUGLAS AIRCRAFT CO,MD-88
N952DN,BOEING,MD-90-30
N952FR,AIRBUS,A319-112
N952UW,EMBRAER,ERJ 190-100 IGW
N952WN,BOEING,737-7H4
N953AT,BOEING,717-200
N953DL,MCDONNELL DOUGLAS AIRCRAFT CO,MD-88
N953DN,MCDONNELL DOUGLAS,MD-90-30
N953FR,AIRBUS,A319-112
N953UW,EMBRAER,ERJ 190-100 IGW
N953WN,BOEING,737-7H4
N954AT,BOEING,717-200
N954DL,MCDONNELL DOUGLAS AIRCRAFT CO,MD-88
N954DN,MCDONNELL DOUGLAS,MD-90-30
N954UW,EMBRAER,ERJ 190-100 IGW
N954WN,BOEING,737-7H4
N955AT,BOEING,717-200
N955DL,MCDONNELL DOUGLAS AIRCRAFT CO,MD-88
N955DN,MCDONNELL DOUGLAS,MD-90-30
N955UW,EMBRAER,ERJ 190-100 IGW
N955WN,BOEING,737-7H4
N956AA,BEECH,A36
N956AT,BOEING,717-200
N956DL,MCDONNELL DOUGLAS AIRCRAFT CO,MD-88
N956DN,MCDONNELL DOUGLAS,MD-90-30
N956UW,EMBRAER,ERJ 190-100 IGW
N956WN,BOEING,737-7H4
N957AT,BOEING,717-200
N957DL,MCDONNELL DOUGLAS AIRCRAFT CO,MD-88
N957DN,MCDONNELL DOUGLAS,MD-90-30
N957UW,EMBRAER,ERJ 190-100 IGW
N957WN,BOEING,737-7H4
N958AT,BOEING,717-200
N958DL,MCDONNELL DOUGLAS AIRCRAFT CO,MD-88
N958DN,MCDONNELL DOUGLAS,MD-90-30
N958UW,EMBRAER,ERJ 190-100 IGW
N958WN,BOEING,737-7H4
N959AA,NORTH WHEELER ORRIN,RV-6
N959AT,BOEING,717-200
N959DL,MCDONNELL DOUGLAS AIRCRAFT CO,MD-88
N959DN,BOEING,MD-90-30
N959UW,EMBRAER,ERJ 190-100 IGW
N959WN,BOEING,737-7H4
N960AT,BOEING,717-200
N960DL,MCDONNELL DOUGLAS AIRCRAFT CO,MD-88
N960DN,BOEING,MD-90-30
N960WN,BOEING,737-7H4
N961AA,DASSAULT/SUD,FAN JET FALCON SER D
N961AT,BOEING,717-200
N961DL,MCDONNELL DOUGLAS AIRCRAFT CO,MD-88
N961DN,BOEING,MD-90-30
N961UW,EMBRAER,ERJ 190-100 IGW
N961WN,BOEING,737-7H4
N962DL,MCDONNELL DOUGLAS AIRCRAFT CO,MD-88
N962DN,BOEING,MD-90-30
N962WN,BOEING,737-7H4
N963AT,BOEING,717-200
N963DL,MCDONNELL DOUGLAS AIRCRAFT CO,MD-88
N963DN,BOEING,MD-90-30
N963UW,EMBRAER,ERJ 190-100 IGW
N963WN,BOEING,737-7H4
N964AT,BOEING,717-200
N964DL,MCDONNELL DOUGLAS AIRCRAFT CO,MD-88
N964DN,BOEING,MD-90-30
N964WN,BOEING,737-7H4
N965AA,CESSNA,152
N965AT,BOEING,717-200
N965DL,MCDONNELL DOUGLAS AIRCRAFT CO,MD-88
N965DN,BOEING,MD-90-30
N965UW,EMBRAER,ERJ 190-100 IGW
N965WN,BOEING,737-7H4
N966AT,BOEING,717-200
N966DL,MCDONNELL DOUGLAS AIRCRAFT CO,MD-88
N966WN,BOEING,737-7H4
N967AA,CESSNA,172L
N967AT,BOEING,717-200
N967DL,MCDONNELL DOUGLAS AIRCRAFT CO,MD-88
N967UW,EMBRAER,ERJ 190-100 IGW
N967WN,BOEING,737-7H4
N968AT,BOEING,717-200
N968DL,MCDONNELL DOUGLAS AIRCRAFT CO,MD-88
N968WN,BOEING,737-7H4
N969AT,BOEING,717-200
N969DL,MCDONNELL DOUGLAS AIRCRAFT CO,MD-88
N969WN,BOEING,737-7H4
N970AA,SHORT BROS,SD-360-300
N970AT,BOEING,717-200
N970DL,MCDONNELL DOUGLAS AIRCRAFT CO,MD-88
N970UY,AIRBUS,A321-231
N971AA,CESSNA,150G
N971AT,BOEING,717-200
N971DL,MCDONNELL DOUGLAS AIRCRAFT CO,MD-88
N971UY,AIRBUS,A321-231
N972AA,SHORT BROS,SD3-60
N972AT,BOEING,717-200
N972DL,MCDONNELL DOUGLAS AIRCRAFT CO,MD-88
N972UY,AIRBUS,A321-231
N973AA,SHORT BROS,SD3-60
N973DL,MCDONNELL DOUGLAS AIRCRAFT CO,MD-88
N973UY,AIRBUS,A321-231
N974AA,SHORT BROS,SD3-60
N974AT,BOEING,717-200
N974DL,MCDONNELL DOUGLAS AIRCRAFT CO,MD-88
N974UY,AIRBUS,A321-231
N975AA,AERO COMMANDER,500 S
N975AT,BOEING,717-200
N975DL,MCDONNELL DOUGLAS AIRCRAFT CO,MD-88
N975UY,AIRBUS,A321-231
N976AA,BELL,407
N976DL,MCDONNELL DOUGLAS AIRCRAFT CO,MD-88
N976UY,AIRBUS,A321-231
N977AA,BEECH,C90
N977AT,BOEING,717-200
N977DL,MCDONNELL DOUGLAS AIRCRAFT CO,MD-88
N977UY,AIRBUS,A321-231
N978AT,BOEING,717-200
N978DL,MCDONNELL DOUGLAS AIRCRAFT CO,MD-88
N978UY,AIRBUS,A321-231
N979AT,BOEING,717-200
N979DL,MCDONNELL DOUGLAS AIRCRAFT CO,MD-88
N979EV,BOMBARDIER INC,CL-600-2B19
N979UY,AIRBUS,A321-231
N980AT,BOEING,717-200
N980DL,MCDONNELL DOUGLAS AIRCRAFT CO,MD-88
N980UY,AIRBUS,A321-231
N981AA,ARCH AERIAL LLC,ARCH AERIAL OCTO
N981AT,BOEING,717-200
N981DL,MCDONNELL DOUGLAS AIRCRAFT CO,MD-88
N981EV,BOMBARDIER INC,CL-600-2B19
N981UY,AIRBUS,A321-231
N982AT,BOEING,717-200
N982DL,MCDONNELL DOUGLAS AIRCRAFT CO,MD-88
N982VJ,AIRBUS,A321-231
N983AT,BOEING,717-200
N983DL,MCDONNELL DOUGLAS AIRCRAFT CO,MD-88
N984DL,MCDONNELL DOUGLAS AIRCRAFT CO,MD-88
N985AT,BOEING,717-200
N985DL,MCDONNELL DOUGLAS AIRCRAFT CO,MD-88
N986AT,BOEING,717-200
N986DL,MCDONNELL DOUGLAS AIRCRAFT CO,MD-88
N987AA,CIRRUS DESIGN CORP,SR22
N987AT,BOEING,717-200
N987DL,MCDONNELL DOUGLAS AIRCRAFT CO,MD-88
N987DN,BOEING,717-200
N988AA,GATES LEARJET,25D
N988AT,BOEING,717-200
N988DL,MCDONNELL DOUGLAS AIRCRAFT CO,MD-88
N988DN,BOEING,717-200
N989AT,BOEING,717-200
N989DL,MCDONNELL DOUGLAS AIRCRAFT CO,MD-88
N989DN,BOEING,717-200
N990AA,ARCH AERIAL LLC,ARCH AERIAL OCTO
N990AT,BOEING,717-200
N990DL,MCDONNELL DOUGLAS AIRCRAFT CO,MD-88
N991AA,CESSNA,402C
N991AT,BOEING,717-200
N991DL,MCDONNELL DOUGLAS AIRCRAFT CO,MD-88
N992AA,ASTRAEUS AERIAL LLC,V.3CS
N992AT,BOEING,717-200
N992DL,MCDONNELL DOUGLAS AIRCRAFT CO,MD-88
N993AA,ASTRAEUS AERIAL LLC,V.3CS
N993AT,BOEING,717-200
N993DL,MCDONNELL DOUGLAS AIRCRAFT CO,MD-88
N994AA,ASTRAEUS AERIAL LLC,V.3CS
N994AT,BOEING,717-200
N994DL,MCDONNELL DOUGLAS CORPORATION,MD-88
N995AA,ASTRAEUS AERIAL LLC,V.3CS
N995AT,BOEING,717-200
N995DL,MCDONNELL DOUGLAS AIRCRAFT CO,MD-88
N996AT,BOEING,717-200
N996DL,MCDONNELL DOUGLAS AIRCRAFT CO,MD-88
N997AA,AIRBUS,A321-231
N997AT,BOEING,717-200
N997DL,MCDONNELL DOUGLAS AIRCRAFT CO,MD-88
N998AT,BOEING,717-200
N998DL,MCDONNELL DOUGLAS CORPORATION,MD-88
N999DN,MCDONNELL DOUGLAS CORPORATION,MD-88
